Date,IntZone,IntZoneName,CA,CAName,Positive7Day,Population
20210707,S02001236,Culter,S12000033,Aberdeen City,14,4733
20210707,S02001237,"Cults, Bieldside and Milltimber West",S12000033,Aberdeen City,13,4831
20210707,S02001238,"Cults, Bieldside and Milltimber East",S12000033,Aberdeen City,22,6840
20210707,S02001239,Garthdee,S12000033,Aberdeen City,19,5581
20210707,S02001240,"Braeside, Mannofield, Broomhill and Seafield East",S12000033,Aberdeen City,12,4487
20210707,S02001241,"Braeside, Mannofield, Broomhill and Seafield South",S12000033,Aberdeen City,12,4008
20210707,S02001242,"Braeside, Mannofield, Broomhill and Seafield North",S12000033,Aberdeen City,16,5040
20210707,S02001243,Hazlehead,S12000033,Aberdeen City,8,5648
20210707,S02001244,Summerhill,S12000033,Aberdeen City,9,3801
20210707,S02001245,Midstocket,S12000033,Aberdeen City,33,4544
20210707,S02001246,Rosemount,S12000033,Aberdeen City,13,5605
20210707,S02001247,West End North,S12000033,Aberdeen City,30,3647
20210707,S02001248,West End South,S12000033,Aberdeen City,25,6266
20210707,S02001249,City Centre West,S12000033,Aberdeen City,26,3949
20210707,S02001250,City Centre East,S12000033,Aberdeen City,9,2541
20210707,S02001251,Ferryhill North,S12000033,Aberdeen City,25,4991
20210707,S02001252,Ferryhill South,S12000033,Aberdeen City,16,4949
20210707,S02001253,"Kincorth, Leggart and Nigg North",S12000033,Aberdeen City,15,3938
20210707,S02001254,"Kincorth, Leggart and Nigg South",S12000033,Aberdeen City,27,5072
20210707,S02001255,Cove South,S12000033,Aberdeen City,26,3987
20210707,S02001256,Cove North,S12000033,Aberdeen City,25,3505
20210707,S02001257,Torry West,S12000033,Aberdeen City,32,5284
20210707,S02001258,Torry East,S12000033,Aberdeen City,26,4312
20210707,S02001259,Hanover South,S12000033,Aberdeen City,9,3282
20210707,S02001260,Hanover North,S12000033,Aberdeen City,19,4042
20210707,S02001261,George Street,S12000033,Aberdeen City,16,7105
20210707,S02001262,Ashgrove,S12000033,Aberdeen City,14,3785
20210707,S02001263,"Froghall, Powis and Sunnybank",S12000033,Aberdeen City,21,5654
20210707,S02001264,Seaton,S12000033,Aberdeen City,20,4621
20210707,S02001265,Old Aberdeen,S12000033,Aberdeen City,11,4255
20210707,S02001266,Tillydrone,S12000033,Aberdeen City,16,5416
20210707,S02001267,Woodside,S12000033,Aberdeen City,19,3923
20210707,S02001268,Hilton,S12000033,Aberdeen City,14,6138
20210707,S02001269,Stockethill,S12000033,Aberdeen City,7,5391
20210707,S02001270,Mastrick,S12000033,Aberdeen City,15,4612
20210707,S02001271,Sheddocksley,S12000033,Aberdeen City,14,4840
20210707,S02001272,Cummings Park,S12000033,Aberdeen City,19,3436
20210707,S02001273,Northfield,S12000033,Aberdeen City,24,5355
20210707,S02001274,Heathryfold and Middlefield,S12000033,Aberdeen City,29,4959
20210707,S02001275,Kingswells,S12000033,Aberdeen City,24,5986
20210707,S02001276,Bucksburn South,S12000033,Aberdeen City,11,4458
20210707,S02001277,Bucksburn North,S12000033,Aberdeen City,13,5304
20210707,S02001278,Dyce,S12000033,Aberdeen City,28,5247
20210707,S02001279,Danestone,S12000033,Aberdeen City,14,3961
20210707,S02001280,Oldmachar West,S12000033,Aberdeen City,22,4480
20210707,S02001281,Oldmachar East,S12000033,Aberdeen City,34,4771
20210707,S02001282,Balgownie and Donmouth West,S12000033,Aberdeen City,13,3668
20210707,S02001283,Balgownie and Donmouth East,S12000033,Aberdeen City,8,2630
20210707,S02001284,Denmore,S12000033,Aberdeen City,16,3792
20210707,S02001285,East Cairngorms,S12000034,Aberdeenshire,4,3034
20210707,S02001286,Aboyne and South Deeside,S12000034,Aberdeenshire,12,5266
20210707,S02001287,Mearns and Laurencekirk,S12000034,Aberdeenshire,6,4457
20210707,S02001288,Mearns South and Benholm,S12000034,Aberdeenshire,7,4052
20210707,S02001289,Mearns North and Inverbervie,S12000034,Aberdeenshire,,5663
20210707,S02001290,"Fetteresso, Netherley and Catter",S12000034,Aberdeenshire,21,4633
20210707,S02001291,Stonehaven South,S12000034,Aberdeenshire,17,5220
20210707,S02001292,Stonehaven North,S12000034,Aberdeenshire,20,5641
20210707,S02001293,Newtonhill,S12000034,Aberdeenshire,8,2895
20210707,S02001294,Portlethen,S12000034,Aberdeenshire,11,4224
20210707,S02001295,Banchory-Devenick and Findon,S12000034,Aberdeenshire,31,5942
20210707,S02001296,"Dunecht, Durris and Drumoak",S12000034,Aberdeenshire,16,5160
20210707,S02001297,Banchory East,S12000034,Aberdeenshire,3,4181
20210707,S02001298,Banchory West,S12000034,Aberdeenshire,3,2877
20210707,S02001299,Crathes and Torphins,S12000034,Aberdeenshire,,4307
20210707,S02001300,Cromar and Kildrummy,S12000034,Aberdeenshire,,3942
20210707,S02001301,Howe of Alford,S12000034,Aberdeenshire,8,6303
20210707,S02001302,Kemnay,S12000034,Aberdeenshire,8,3471
20210707,S02001303,Inverurie North,S12000034,Aberdeenshire,6,5318
20210707,S02001304,Inverurie South,S12000034,Aberdeenshire,8,5219
20210707,S02001305,Durno-Chapel of Garioch,S12000034,Aberdeenshire,21,7205
20210707,S02001306,Kintore,S12000034,Aberdeenshire,7,5881
20210707,S02001307,Blackburn,S12000034,Aberdeenshire,,3438
20210707,S02001308,Westhill North and South,S12000034,Aberdeenshire,23,5138
20210707,S02001309,Westhill Central,S12000034,Aberdeenshire,7,3813
20210707,S02001310,Garlogie and Elrick,S12000034,Aberdeenshire,22,3924
20210707,S02001311,Newmachar and Fintray,S12000034,Aberdeenshire,12,4258
20210707,S02001312,Balmedie and Potterton,S12000034,Aberdeenshire,13,5390
20210707,S02001313,Ellon East,S12000034,Aberdeenshire,10,6106
20210707,S02001314,Ellon West,S12000034,Aberdeenshire,3,4001
20210707,S02001315,Ythanside,S12000034,Aberdeenshire,8,4634
20210707,S02001316,Ythsie,S12000034,Aberdeenshire,5,6093
20210707,S02001317,Barrahill,S12000034,Aberdeenshire,4,5008
20210707,S02001318,Fyvie-Rothie,S12000034,Aberdeenshire,6,3919
20210707,S02001319,"Insch, Oyne and Ythanwells",S12000034,Aberdeenshire,,5059
20210707,S02001320,Clashindarroch,S12000034,Aberdeenshire,4,4615
20210707,S02001321,Huntly,S12000034,Aberdeenshire,3,4159
20210707,S02001322,Auchterless and Monquhitter,S12000034,Aberdeenshire,,2864
20210707,S02001323,Turriff,S12000034,Aberdeenshire,4,4437
20210707,S02001324,"Portsoy, Fordyce and Cornhill",S12000034,Aberdeenshire,,3149
20210707,S02001325,Aberchirder and Whitehills,S12000034,Aberdeenshire,3,3775
20210707,S02001326,Banff,S12000034,Aberdeenshire,3,4100
20210707,S02001327,Macduff,S12000034,Aberdeenshire,4,3838
20210707,S02001328,Gardenstown and King Edward,S12000034,Aberdeenshire,3,3143
20210707,S02001329,New Pitsligo,S12000034,Aberdeenshire,27,2942
20210707,S02001330,Deer and Mormond,S12000034,Aberdeenshire,20,5068
20210707,S02001331,Mintlaw,S12000034,Aberdeenshire,6,2568
20210707,S02001332,Auchnagatt,S12000034,Aberdeenshire,5,3139
20210707,S02001333,Cruden,S12000034,Aberdeenshire,4,4402
20210707,S02001334,Peterhead Links,S12000034,Aberdeenshire,,4481
20210707,S02001335,Peterhead Bay,S12000034,Aberdeenshire,3,2440
20210707,S02001336,Peterhead Harbour,S12000034,Aberdeenshire,11,6002
20210707,S02001337,Peterhead Ugieside,S12000034,Aberdeenshire,8,4173
20210707,S02001338,Longside and Rattray,S12000034,Aberdeenshire,13,7626
20210707,S02001339,Rosehearty and Strathbeg,S12000034,Aberdeenshire,40,6269
20210707,S02001340,Fraserburgh Smiddyhill,S12000034,Aberdeenshire,36,4068
20210707,S02001341,Fraserburgh Lochpots,S12000034,Aberdeenshire,8,2261
20210707,S02001342,Fraserburgh Central-Academy,S12000034,Aberdeenshire,9,2590
20210707,S02001343,Fraserburgh Harbour and Broadsea,S12000034,Aberdeenshire,17,3429
20210707,S02001344,South Angus,S12000041,Angus,33,5502
20210707,S02001345,Monikie,S12000041,Angus,43,6478
20210707,S02001346,Monifieth West,S12000041,Angus,25,2777
20210707,S02001347,Monifieth East,S12000041,Angus,33,4999
20210707,S02001348,Carnoustie West,S12000041,Angus,48,5334
20210707,S02001349,Carnoustie East,S12000041,Angus,42,5341
20210707,S02001350,Arbroath Landward,S12000041,Angus,12,3152
20210707,S02001351,Arbroath Kirkton,S12000041,Angus,39,5315
20210707,S02001352,Arbroath Keptie,S12000041,Angus,18,3616
20210707,S02001353,Arbroath Harbour,S12000041,Angus,33,4668
20210707,S02001354,Arbroath Cliffburn,S12000041,Angus,42,5056
20210707,S02001355,Arbroath Warddykes,S12000041,Angus,33,4538
20210707,S02001356,Lunan,S12000041,Angus,11,2882
20210707,S02001357,Montrose South,S12000041,Angus,20,5520
20210707,S02001358,Montrose North,S12000041,Angus,19,4660
20210707,S02001359,Hillside,S12000041,Angus,17,3782
20210707,S02001360,Friockheim,S12000041,Angus,12,3547
20210707,S02001361,Brechin East,S12000041,Angus,13,3401
20210707,S02001362,Brechin West,S12000041,Angus,13,3831
20210707,S02001363,Letham and Glamis,S12000041,Angus,8,5394
20210707,S02001364,Forfar East,S12000041,Angus,17,4471
20210707,S02001365,Forfar Central,S12000041,Angus,11,4796
20210707,S02001366,Forfar West,S12000041,Angus,15,4838
20210707,S02001367,Kirriemuir Landward,S12000041,Angus,19,2833
20210707,S02001368,Kirriemuir,S12000041,Angus,13,5964
20210707,S02001369,Angus Glens,S12000041,Angus,4,3505
20210707,S02001370,"Mull, Iona, Coll and Tiree",S12000035,Argyll and Bute,6,3797
20210707,S02001371,Oban South,S12000035,Argyll and Bute,4,5703
20210707,S02001372,Oban North,S12000035,Argyll and Bute,11,2596
20210707,S02001373,Benderloch Trail,S12000035,Argyll and Bute,7,5576
20210707,S02001374,Loch Awe,S12000035,Argyll and Bute,,2222
20210707,S02001375,Mid Argyll,S12000035,Argyll and Bute,3,3084
20210707,S02001376,Greater Lochgilphead,S12000035,Argyll and Bute,,3657
20210707,S02001377,Knapdale,S12000035,Argyll and Bute,11,2417
20210707,S02001378,Whisky Isles,S12000035,Argyll and Bute,,3367
20210707,S02001379,Kintyre Trail,S12000035,Argyll and Bute,,2830
20210707,S02001380,Campbeltown,S12000035,Argyll and Bute,,4556
20210707,S02001381,Bute,S12000035,Argyll and Bute,,2463
20210707,S02001382,Rothesay Town,S12000035,Argyll and Bute,,3605
20210707,S02001383,Cowal South,S12000035,Argyll and Bute,9,2598
20210707,S02001384,Cowal North,S12000035,Argyll and Bute,6,3098
20210707,S02001385,Hunter's Quay,S12000035,Argyll and Bute,15,5054
20210707,S02001386,Dunoon,S12000035,Argyll and Bute,11,4313
20210707,S02001387,Garelochhead,S12000035,Argyll and Bute,10,6677
20210707,S02001388,Helensburgh West and Rhu,S12000035,Argyll and Bute,12,4266
20210707,S02001389,Helensburgh North,S12000035,Argyll and Bute,13,4214
20210707,S02001390,Helensburgh Centre,S12000035,Argyll and Bute,7,2923
20210707,S02001391,Helensburgh East,S12000035,Argyll and Bute,21,3888
20210707,S02001392,Lomond Shore,S12000035,Argyll and Bute,6,2966
20210707,S02001393,Tullibody South,S12000005,Clackmannanshire,11,4235
20210707,S02001394,Tullibody North and Glenochil,S12000005,Clackmannanshire,14,5474
20210707,S02001395,Menstrie,S12000005,Clackmannanshire,6,2897
20210707,S02001396,Alva,S12000005,Clackmannanshire,7,4637
20210707,S02001397,"Fishcross, Devon Village and Coalsnaughton",S12000005,Clackmannanshire,3,2321
20210707,S02001398,Tillicoultry,S12000005,Clackmannanshire,16,4656
20210707,S02001399,Dollar and Muckhart,S12000005,Clackmannanshire,5,3584
20210707,S02001400,"Clackmannan, Kennet and Forestmill",S12000005,Clackmannanshire,6,5065
20210707,S02001401,Sauchie,S12000005,Clackmannanshire,9,5163
20210707,S02001402,Alloa South and East,S12000005,Clackmannanshire,14,4441
20210707,S02001403,Alloa North,S12000005,Clackmannanshire,11,5689
20210707,S02001404,Alloa West,S12000005,Clackmannanshire,6,3378
20210707,S02001405,Stranraer West,S12000006,Dumfries and Galloway,,3748
20210707,S02001406,Stranraer East,S12000006,Dumfries and Galloway,,2581
20210707,S02001407,Stranraer South,S12000006,Dumfries and Galloway,5,3388
20210707,S02001408,Rhins North,S12000006,Dumfries and Galloway,,3589
20210707,S02001409,Rhins South,S12000006,Dumfries and Galloway,,2148
20210707,S02001410,Machars North,S12000006,Dumfries and Galloway,6,2523
20210707,S02001411,Machars South,S12000006,Dumfries and Galloway,6,4910
20210707,S02001412,Newton Stewart,S12000006,Dumfries and Galloway,3,5442
20210707,S02001413,Gatehouse,S12000006,Dumfries and Galloway,3,3550
20210707,S02001414,Kirkcudbright,S12000006,Dumfries and Galloway,3,5304
20210707,S02001415,Castle Douglas,S12000006,Dumfries and Galloway,,4828
20210707,S02001416,Dalbeattie,S12000006,Dumfries and Galloway,4,4172
20210707,S02001417,Dalbeattie Rural,S12000006,Dumfries and Galloway,,2415
20210707,S02001418,Glenkens,S12000006,Dumfries and Galloway,6,3754
20210707,S02001419,Upper Nithsdale,S12000006,Dumfries and Galloway,,4607
20210707,S02001420,Thornhill,S12000006,Dumfries and Galloway,,4053
20210707,S02001421,Mid Nithsdale,S12000006,Dumfries and Galloway,6,4526
20210707,S02001422,Shawhead,S12000006,Dumfries and Galloway,3,3529
20210707,S02001423,Lochside and Lincluden,S12000006,Dumfries and Galloway,4,5618
20210707,S02001424,Summerville,S12000006,Dumfries and Galloway,,4594
20210707,S02001425,Troqueer,S12000006,Dumfries and Galloway,,3519
20210707,S02001426,New Abbey,S12000006,Dumfries and Galloway,,3344
20210707,S02001427,Kingholm,S12000006,Dumfries and Galloway,,3096
20210707,S02001428,Calside,S12000006,Dumfries and Galloway,3,2705
20210707,S02001429,Georgetown,S12000006,Dumfries and Galloway,,2738
20210707,S02001430,Dumfries Central,S12000006,Dumfries and Galloway,9,3387
20210707,S02001431,Nunholm,S12000006,Dumfries and Galloway,6,3358
20210707,S02001432,Locharbriggs,S12000006,Dumfries and Galloway,,2934
20210707,S02001433,Heathhall,S12000006,Dumfries and Galloway,,2804
20210707,S02001434,Collin,S12000006,Dumfries and Galloway,3,3919
20210707,S02001435,Lochmaben,S12000006,Dumfries and Galloway,6,3379
20210707,S02001436,Lockerbie,S12000006,Dumfries and Galloway,8,4966
20210707,S02001437,Moffat,S12000006,Dumfries and Galloway,7,3718
20210707,S02001438,Langholm and Eskdale,S12000006,Dumfries and Galloway,4,3742
20210707,S02001439,Annandale East,S12000006,Dumfries and Galloway,,3947
20210707,S02001440,Annandale West,S12000006,Dumfries and Galloway,3,2499
20210707,S02001441,Annan West,S12000006,Dumfries and Galloway,10,3065
20210707,S02001442,Annan East,S12000006,Dumfries and Galloway,6,5537
20210707,S02001443,Eastriggs,S12000006,Dumfries and Galloway,8,2869
20210707,S02001444,Gretna,S12000006,Dumfries and Galloway,11,4055
20210707,S02001445,Westend,S12000042,Dundee City,32,5729
20210707,S02001446,Perth Road,S12000042,Dundee City,44,7637
20210707,S02001447,Logie and Blackness,S12000042,Dundee City,31,5633
20210707,S02001448,City Centre,S12000042,Dundee City,39,4918
20210707,S02001449,Docks and Wellgate,S12000042,Dundee City,44,5486
20210707,S02001450,Hilltown,S12000042,Dundee City,34,4739
20210707,S02001451,The Glens,S12000042,Dundee City,44,4833
20210707,S02001452,Stobswell,S12000042,Dundee City,37,5807
20210707,S02001453,Baxter Park,S12000042,Dundee City,22,3218
20210707,S02001454,Craigie and  Craigiebank,S12000042,Dundee City,28,4306
20210707,S02001455,Douglas West,S12000042,Dundee City,31,4418
20210707,S02001456,West Ferry,S12000042,Dundee City,16,3121
20210707,S02001457,Douglas East,S12000042,Dundee City,20,2763
20210707,S02001458,Broughty Ferry West,S12000042,Dundee City,25,5130
20210707,S02001459,Broughty Ferry East,S12000042,Dundee City,21,3712
20210707,S02001460,Barnhill,S12000042,Dundee City,23,4433
20210707,S02001461,West Pitkerro,S12000042,Dundee City,38,6571
20210707,S02001462,Whitfield,S12000042,Dundee City,71,6098
20210707,S02001463,Fintry,S12000042,Dundee City,65,6420
20210707,S02001464,Linlathen and Midcraigie,S12000042,Dundee City,48,5295
20210707,S02001465,Caird Park,S12000042,Dundee City,42,3285
20210707,S02001466,Kirkton,S12000042,Dundee City,34,4080
20210707,S02001467,Downfield,S12000042,Dundee City,32,4838
20210707,S02001468,Fairmuir,S12000042,Dundee City,41,3686
20210707,S02001469,Law,S12000042,Dundee City,33,4723
20210707,S02001470,Balgay,S12000042,Dundee City,26,3796
20210707,S02001471,Menzieshill,S12000042,Dundee City,43,4457
20210707,S02001472,Charleston,S12000042,Dundee City,31,4262
20210707,S02001473,Lochee,S12000042,Dundee City,35,5584
20210707,S02001474,Ardler and St Marys,S12000042,Dundee City,53,6075
20210707,S02001475,Western Edge,S12000042,Dundee City,33,4267
20210707,S02001476,Doon Valley South,S12000008,East Ayrshire,5,3170
20210707,S02001477,Doon Valley North,S12000008,East Ayrshire,11,4154
20210707,S02001478,Mauchline Rural,S12000008,East Ayrshire,17,4967
20210707,S02001479,Drongan,S12000008,East Ayrshire,6,3061
20210707,S02001480,Mauchline,S12000008,East Ayrshire,,3921
20210707,S02001481,Cumnock Rural,S12000008,East Ayrshire,13,4664
20210707,S02001482,New Cumnock,S12000008,East Ayrshire,3,2652
20210707,S02001483,Cumnock South and Craigens,S12000008,East Ayrshire,12,4777
20210707,S02001484,Cumnock North,S12000008,East Ayrshire,4,3834
20210707,S02001485,Auchinleck,S12000008,East Ayrshire,6,3639
20210707,S02001486,Northern and Irvine Valley Rural,S12000008,East Ayrshire,12,6204
20210707,S02001487,Stewarton East,S12000008,East Ayrshire,11,4114
20210707,S02001488,Stewarton West,S12000008,East Ayrshire,13,2467
20210707,S02001489,Darvel,S12000008,East Ayrshire,11,3837
20210707,S02001490,Newmilns,S12000008,East Ayrshire,6,2759
20210707,S02001491,Galston,S12000008,East Ayrshire,20,4750
20210707,S02001492,Earlston and Hurlford Rural,S12000008,East Ayrshire,15,5630
20210707,S02001493,Shortlees,S12000008,East Ayrshire,8,4396
20210707,S02001494,Bellfield and Kirkstyle,S12000008,East Ayrshire,8,4238
20210707,S02001495,Kilmarnock South Central and Caprington,S12000008,East Ayrshire,10,2802
20210707,S02001496,Piersland,S12000008,East Ayrshire,15,3207
20210707,S02001497,New Farm Loch South,S12000008,East Ayrshire,7,2792
20210707,S02001498,Dean and New Farm Loch North,S12000008,East Ayrshire,12,3664
20210707,S02001499,Southcraig and Beansburn,S12000008,East Ayrshire,39,5826
20210707,S02001500,Altonhill North and Onthank,S12000008,East Ayrshire,28,4566
20210707,S02001501,"Altonhill South, Longpark and Hillhead",S12000008,East Ayrshire,21,4759
20210707,S02001502,Bonnyton and Town Centre,S12000008,East Ayrshire,14,3853
20210707,S02001503,"Grange, Howard and Gargieston",S12000008,East Ayrshire,11,6029
20210707,S02001504,"Crosshouse, Gatehead and Kilmaurs Rural",S12000008,East Ayrshire,17,4621
20210707,S02001505,Kilmaurs,S12000008,East Ayrshire,5,2657
20210707,S02001506,West Clober and Mains Estate,S12000045,East Dunbartonshire,9,2748
20210707,S02001507,East Clober and Mains Estate,S12000045,East Dunbartonshire,13,3422
20210707,S02001508,Barloch,S12000045,East Dunbartonshire,7,3283
20210707,S02001509,Keystone and Dougalston,S12000045,East Dunbartonshire,14,4079
20210707,S02001510,Kilmardinny East,S12000045,East Dunbartonshire,12,3187
20210707,S02001511,Kilmardinny West,S12000045,East Dunbartonshire,19,3786
20210707,S02001512,North Castlehill and Thorn,S12000045,East Dunbartonshire,16,4415
20210707,S02001513,South Castlehill and Thorn,S12000045,East Dunbartonshire,15,4168
20210707,S02001514,Westerton West,S12000045,East Dunbartonshire,16,2822
20210707,S02001515,Westerton East,S12000045,East Dunbartonshire,7,3673
20210707,S02001516,Kessington West,S12000045,East Dunbartonshire,10,3242
20210707,S02001517,Kessington East,S12000045,East Dunbartonshire,10,2904
20210707,S02001518,Torrance and Balmore,S12000045,East Dunbartonshire,15,2805
20210707,S02001519,Bishopbriggs North and Kenmure,S12000045,East Dunbartonshire,28,5089
20210707,S02001520,Bishopbriggs West and Cadder,S12000045,East Dunbartonshire,51,6505
20210707,S02001521,Auchinairn,S12000045,East Dunbartonshire,40,5686
20210707,S02001522,Woodhill East,S12000045,East Dunbartonshire,12,2454
20210707,S02001523,Woodhill West,S12000045,East Dunbartonshire,15,4141
20210707,S02001524,Lenzie North,S12000045,East Dunbartonshire,13,5109
20210707,S02001525,Lenzie South,S12000045,East Dunbartonshire,10,3321
20210707,S02001526,Kirkintilloch South,S12000045,East Dunbartonshire,23,3397
20210707,S02001527,Kirkintilloch West,S12000045,East Dunbartonshire,16,4137
20210707,S02001528,Hillhead,S12000045,East Dunbartonshire,12,4164
20210707,S02001529,Rosebank and Waterside,S12000045,East Dunbartonshire,19,5422
20210707,S02001530,Twechar and Harestanes East,S12000045,East Dunbartonshire,3,2842
20210707,S02001531,Harestanes,S12000045,East Dunbartonshire,6,3146
20210707,S02001532,Milton of Campsie,S12000045,East Dunbartonshire,16,4011
20210707,S02001533,Lennoxtown,S12000045,East Dunbartonshire,15,4682
20210707,S02001534,Wallyford/Whitecraig (IZ01),S12000010,East Lothian,29,6902
20210707,S02001535,Musselburgh South (IZ02),S12000010,East Lothian,36,4594
20210707,S02001536,Musselburgh West (IZ03),S12000010,East Lothian,16,2947
20210707,S02001537,Musselburgh North (IZ04),S12000010,East Lothian,33,4865
20210707,S02001538,Musselburgh East (IZ05),S12000010,East Lothian,38,4789
20210707,S02001539,Pinkie Braes (IZ06),S12000010,East Lothian,19,2360
20210707,S02001540,Prestonpans West (IZ07),S12000010,East Lothian,39,5666
20210707,S02001541,Prestonpans East (IZ08),S12000010,East Lothian,25,4284
20210707,S02001542,Cockenzie (IZ09),S12000010,East Lothian,41,5694
20210707,S02001543,Tranent North (IZ10),S12000010,East Lothian,32,6827
20210707,S02001544,Tranent South (IZ11),S12000010,East Lothian,37,6023
20210707,S02001545,Ormiston (IZ12),S12000010,East Lothian,11,2968
20210707,S02001546,Longniddry & Aberlady (IZ13),S12000010,East Lothian,27,5716
20210707,S02001547,Haddington Rural (IZ14),S12000010,East Lothian,27,6341
20210707,S02001548,Haddington North (IZ15),S12000010,East Lothian,19,4404
20210707,S02001549,Haddington South (IZ16),S12000010,East Lothian,26,4777
20210707,S02001550,Gullane & Drem (IZ17),S12000010,East Lothian,15,4406
20210707,S02001551,North Berwick North (IZ18),S12000010,East Lothian,7,3235
20210707,S02001552,North Berwick South (IZ19),S12000010,East Lothian,27,4694
20210707,S02001553,East Linton & Rural (IZ20),S12000010,East Lothian,18,5462
20210707,S02001554,Dunbar West (IZ21),S12000010,East Lothian,25,5475
20210707,S02001555,Dunbar East (IZ22),S12000010,East Lothian,13,4661
20210707,S02001556,Neilston and Uplawmoor,S12000011,East Renfrewshire,21,6282
20210707,S02001557,Cross Stobbs,S12000011,East Renfrewshire,21,3525
20210707,S02001558,"Dunterlie, East Arthurlie and Dovecothall",S12000011,East Renfrewshire,19,6157
20210707,S02001559,Arthurlie and Gateside,S12000011,East Renfrewshire,14,4076
20210707,S02001560,Auchenback,S12000011,East Renfrewshire,15,4162
20210707,S02001561,Crookfur and Fruin,S12000011,East Renfrewshire,24,8574
20210707,S02001562,"Mearns Village, Westacres and Greenfarm",S12000011,East Renfrewshire,27,6126
20210707,S02001563,Whitecraigs and Broom,S12000011,East Renfrewshire,18,3901
20210707,S02001564,Mearnskirk and South Kirkhill,S12000011,East Renfrewshire,31,6420
20210707,S02001565,Eaglesham and Waterfoot,S12000011,East Renfrewshire,27,5059
20210707,S02001566,North Kirkhill,S12000011,East Renfrewshire,4,3520
20210707,S02001567,Busby,S12000011,East Renfrewshire,17,3725
20210707,S02001568,Clarkston and Sheddens,S12000011,East Renfrewshire,40,6237
20210707,S02001569,Williamwood,S12000011,East Renfrewshire,20,3230
20210707,S02001570,Stamperland,S12000011,East Renfrewshire,19,3693
20210707,S02001571,Netherlee,S12000011,East Renfrewshire,18,4692
20210707,S02001572,Merrylee and Braidbar,S12000011,East Renfrewshire,22,4870
20210707,S02001573,Lower Whitecraigs and South Giffnock,S12000011,East Renfrewshire,21,3394
20210707,S02001574,North Giffnock and North Thornliebank,S12000011,East Renfrewshire,18,3777
20210707,S02001575,South Thornliebank and Woodfarm,S12000011,East Renfrewshire,18,4110
20210707,S02001576,Balerno and Bonnington Village,S12000036,City of Edinburgh,10,5908
20210707,S02001577,Currie West,S12000036,City of Edinburgh,23,6164
20210707,S02001578,Currie East,S12000036,City of Edinburgh,16,3532
20210707,S02001579,Baberton and Juniper Green,S12000036,City of Edinburgh,22,4332
20210707,S02001580,Bonaly and The Pentlands,S12000036,City of Edinburgh,22,4748
20210707,S02001581,Colinton and Kingsknowe,S12000036,City of Edinburgh,21,4666
20210707,S02001582,Clovenstone and Wester Hailes,S12000036,City of Edinburgh,20,3695
20210707,S02001583,The Calders,S12000036,City of Edinburgh,14,4685
20210707,S02001584,Murrayburn and Wester Hailes North,S12000036,City of Edinburgh,29,3836
20210707,S02001585,Parkhead and Sighthill,S12000036,City of Edinburgh,27,3167
20210707,S02001586,Broomhouse and Bankhead,S12000036,City of Edinburgh,21,3826
20210707,S02001587,Stenhouse and Saughton Mains,S12000036,City of Edinburgh,49,5947
20210707,S02001588,Longstone and Saughton,S12000036,City of Edinburgh,37,4678
20210707,S02001589,Slateford and Chesser,S12000036,City of Edinburgh,20,5209
20210707,S02001590,Gorgie West,S12000036,City of Edinburgh,33,5671
20210707,S02001591,Gorgie East,S12000036,City of Edinburgh,14,4000
20210707,S02001592,Shandon,S12000036,City of Edinburgh,26,5452
20210707,S02001593,Craiglockhart,S12000036,City of Edinburgh,31,5141
20210707,S02001594,Morningside and Craighouse,S12000036,City of Edinburgh,23,4834
20210707,S02001595,Greenbank and The Braids,S12000036,City of Edinburgh,16,4363
20210707,S02001596,Colinton Mains and Firrhill,S12000036,City of Edinburgh,17,4006
20210707,S02001597,Oxgangs,S12000036,City of Edinburgh,14,2659
20210707,S02001598,Comiston and Swanston,S12000036,City of Edinburgh,21,5098
20210707,S02001599,Fairmilehead,S12000036,City of Edinburgh,36,5743
20210707,S02001600,Gilmerton South and the Murrays,S12000036,City of Edinburgh,41,3707
20210707,S02001601,Mortonhall and Anwickhill,S12000036,City of Edinburgh,7,2484
20210707,S02001602,"Gracemount, Southhouse and Burdiehouse",S12000036,City of Edinburgh,53,5941
20210707,S02001603,Hyvots and Gilmerton,S12000036,City of Edinburgh,27,3868
20210707,S02001604,Fernieside and Moredun South,S12000036,City of Edinburgh,17,4264
20210707,S02001605,Moredun and Craigour,S12000036,City of Edinburgh,7,3322
20210707,S02001606,Liberton East,S12000036,City of Edinburgh,19,3173
20210707,S02001607,Liberton West and Braid Hills,S12000036,City of Edinburgh,18,3646
20210707,S02001608,The Inch,S12000036,City of Edinburgh,22,5075
20210707,S02001609,"Blackford, West Mains and Mayfield Road",S12000036,City of Edinburgh,23,7083
20210707,S02001610,Prestonfield,S12000036,City of Edinburgh,18,3321
20210707,S02001611,Newington and Dalkeith Road,S12000036,City of Edinburgh,8,6519
20210707,S02001612,The Grange,S12000036,City of Edinburgh,23,5939
20210707,S02001613,Marchmont East and Sciennes,S12000036,City of Edinburgh,14,4844
20210707,S02001614,Marchmont West,S12000036,City of Edinburgh,25,4625
20210707,S02001615,Morningside,S12000036,City of Edinburgh,23,6001
20210707,S02001616,Merchiston and Greenhill,S12000036,City of Edinburgh,24,5205
20210707,S02001617,Bruntsfield,S12000036,City of Edinburgh,29,5993
20210707,S02001618,Polwarth,S12000036,City of Edinburgh,27,4798
20210707,S02001619,Dalry and Fountainbridge,S12000036,City of Edinburgh,34,8016
20210707,S02001620,Tollcross,S12000036,City of Edinburgh,23,6418
20210707,S02001621,Meadows and Southside,S12000036,City of Edinburgh,26,8441
20210707,S02001622,"Old Town, Princes Street and Leith Street",S12000036,City of Edinburgh,27,6689
20210707,S02001623,"Canongate, Southside and Dumbiedykes",S12000036,City of Edinburgh,25,9039
20210707,S02001624,Abbeyhill,S12000036,City of Edinburgh,17,2974
20210707,S02001625,Meadowbank and Abbeyhill North,S12000036,City of Edinburgh,32,5010
20210707,S02001626,Willowbrae and Duddingston Village,S12000036,City of Edinburgh,31,5165
20210707,S02001627,Craigmillar,S12000036,City of Edinburgh,42,5391
20210707,S02001628,Niddrie,S12000036,City of Edinburgh,24,4748
20210707,S02001629,"Bingham, Magdalene and The Christians",S12000036,City of Edinburgh,23,3707
20210707,S02001630,"Jewel, Brunstane and Newcraighall",S12000036,City of Edinburgh,28,4352
20210707,S02001631,Joppa,S12000036,City of Edinburgh,24,5246
20210707,S02001632,Portobello,S12000036,City of Edinburgh,18,4399
20210707,S02001633,Duddingston and Portobello South,S12000036,City of Edinburgh,29,4114
20210707,S02001634,Mountcastle,S12000036,City of Edinburgh,6,2557
20210707,S02001635,Northfield and Piershill,S12000036,City of Edinburgh,19,3579
20210707,S02001636,Craigentinny,S12000036,City of Edinburgh,33,2864
20210707,S02001637,Restalrig (Loganlea) and Craigentinny West,S12000036,City of Edinburgh,29,3523
20210707,S02001638,Restalrig and Lochend,S12000036,City of Edinburgh,29,4407
20210707,S02001639,Leith (Hermitage and Prospect Bank),S12000036,City of Edinburgh,34,4615
20210707,S02001640,Western Harbour and Leith Docks,S12000036,City of Edinburgh,30,4525
20210707,S02001641,North Leith and Newhaven,S12000036,City of Edinburgh,47,5456
20210707,S02001642,The Shore and Constitution Street,S12000036,City of Edinburgh,27,5508
20210707,S02001643,Great Junction Street,S12000036,City of Edinburgh,35,5585
20210707,S02001644,South Leith,S12000036,City of Edinburgh,28,5562
20210707,S02001645,Easter Road and Hawkhill Avenue,S12000036,City of Edinburgh,17,3847
20210707,S02001646,Leith (Albert Street),S12000036,City of Edinburgh,19,3592
20210707,S02001647,Hillside and Calton Hill,S12000036,City of Edinburgh,32,5943
20210707,S02001648,Pilrig,S12000036,City of Edinburgh,19,3576
20210707,S02001649,Bonnington,S12000036,City of Edinburgh,26,3874
20210707,S02001650,Trinity East and The Dudleys,S12000036,City of Edinburgh,18,3852
20210707,S02001651,Trinity,S12000036,City of Edinburgh,26,4739
20210707,S02001652,"Inverleith, Goldenacre and Warriston",S12000036,City of Edinburgh,17,3899
20210707,S02001653,Broughton North and Powderhall,S12000036,City of Edinburgh,19,4359
20210707,S02001654,Broughton South,S12000036,City of Edinburgh,13,4871
20210707,S02001655,New Town East and Gayfield,S12000036,City of Edinburgh,16,2852
20210707,S02001656,New Town West,S12000036,City of Edinburgh,23,3391
20210707,S02001657,Canonmills and New Town North,S12000036,City of Edinburgh,17,3254
20210707,S02001658,Stockbridge,S12000036,City of Edinburgh,37,5805
20210707,S02001659,Comely Bank,S12000036,City of Edinburgh,14,4171
20210707,S02001660,Deans Village,S12000036,City of Edinburgh,33,6887
20210707,S02001661,Balgreen and Roseburn,S12000036,City of Edinburgh,20,4439
20210707,S02001662,Murrayfield and Ravelston,S12000036,City of Edinburgh,13,4502
20210707,S02001663,"Craigleith, Orchard Brae and Crewe Toll",S12000036,City of Edinburgh,16,4720
20210707,S02001664,Blackhall,S12000036,City of Edinburgh,31,6028
20210707,S02001665,Drylaw,S12000036,City of Edinburgh,36,4764
20210707,S02001666,West Pilton,S12000036,City of Edinburgh,32,5260
20210707,S02001667,Boswall and Pilton,S12000036,City of Edinburgh,31,5722
20210707,S02001668,Granton South and Wardieburn,S12000036,City of Edinburgh,16,3029
20210707,S02001669,Granton and Royston Mains,S12000036,City of Edinburgh,28,4045
20210707,S02001670,Granton West and Salvesen,S12000036,City of Edinburgh,24,4269
20210707,S02001671,Muirhouse,S12000036,City of Edinburgh,41,6007
20210707,S02001672,Silverknowes and Davidson's Mains,S12000036,City of Edinburgh,21,4563
20210707,S02001673,Cramond,S12000036,City of Edinburgh,13,2814
20210707,S02001674,"Barnton, Cammo and Cramond South",S12000036,City of Edinburgh,8,4069
20210707,S02001675,Clermiston and Drumbrae,S12000036,City of Edinburgh,37,6244
20210707,S02001676,East Craigs North,S12000036,City of Edinburgh,19,4337
20210707,S02001677,East Craigs South,S12000036,City of Edinburgh,33,5294
20210707,S02001678,Corstorphine North,S12000036,City of Edinburgh,14,3848
20210707,S02001679,Corstorphine,S12000036,City of Edinburgh,26,5692
20210707,S02001680,Carrick Knowe,S12000036,City of Edinburgh,10,2733
20210707,S02001681,Corstorphine South,S12000036,City of Edinburgh,20,4562
20210707,S02001682,South Gyle,S12000036,City of Edinburgh,25,5027
20210707,S02001683,"Ratho, Ingliston and Gogar",S12000036,City of Edinburgh,15,3543
20210707,S02001684,"Dalmeny, Kirkliston and Newbridge",S12000036,City of Edinburgh,51,8502
20210707,S02001685,Queensferry East,S12000036,City of Edinburgh,27,5008
20210707,S02001686,Queensferry West,S12000036,City of Edinburgh,25,3939
20210707,S02001687,Barra and South Uist,S12000013,Eilean Siar,4,3035
20210707,S02001688,Benbecula and North Uist,S12000013,Eilean Siar,,2876
20210707,S02001689,Harris,S12000013,Eilean Siar,,1827
20210707,S02001690,South Lewis,S12000013,Eilean Siar,,2510
20210707,S02001691,Northwest Lewis,S12000013,Eilean Siar,,3737
20210707,S02001692,Broadbay,S12000013,Eilean Siar,,3659
20210707,S02001693,Stornoway West,S12000013,Eilean Siar,,3122
20210707,S02001694,Stornoway East,S12000013,Eilean Siar,,2762
20210707,S02001695,Point,S12000013,Eilean Siar,,3192
20210707,S02001696,Dunipace,S12000014,Falkirk,7,3201
20210707,S02001697,"Fankerton, Stoneywood and Denny Town",S12000014,Falkirk,25,4883
20210707,S02001698,Denny - Nethermains,S12000014,Falkirk,11,4074
20210707,S02001699,Head of Muir and Dennyloanhead,S12000014,Falkirk,7,3037
20210707,S02001700,"Banknock, Haggs and Longcroft",S12000014,Falkirk,19,4089
20210707,S02001701,Bonnybridge,S12000014,Falkirk,11,4827
20210707,S02001702,High Bonnybridge and Greenhill,S12000014,Falkirk,11,3839
20210707,S02001703,Larbert - North Broomage and Inches,S12000014,Falkirk,35,7074
20210707,S02001704,Larbert - South Broomage and Village,S12000014,Falkirk,10,3912
20210707,S02001705,Stenhousemuir West,S12000014,Falkirk,15,3137
20210707,S02001706,Stenhousemuir East,S12000014,Falkirk,14,3432
20210707,S02001707,Stenhousemuir - Antonshill,S12000014,Falkirk,9,3240
20210707,S02001708,Carron,S12000014,Falkirk,21,2631
20210707,S02001709,Carronshore,S12000014,Falkirk,15,2724
20210707,S02001710,Carse and Grangemouth Old Town,S12000014,Falkirk,17,4904
20210707,S02001711,Falkirk - Bainsford and Langlees,S12000014,Falkirk,8,3756
20210707,S02001712,Falkirk - Merchiston and New Carron Village,S12000014,Falkirk,13,4704
20210707,S02001713,Falkirk - Grahamston,S12000014,Falkirk,21,3355
20210707,S02001714,Falkirk - Middlefield,S12000014,Falkirk,13,4711
20210707,S02001715,Falkirk - Town Centre and Callendar Park,S12000014,Falkirk,5,3483
20210707,S02001716,Falkirk - Bantaskin,S12000014,Falkirk,12,3580
20210707,S02001717,Falkirk - Camelon East,S12000014,Falkirk,11,2980
20210707,S02001718,Falkirk - Camelon West,S12000014,Falkirk,17,2745
20210707,S02001719,Falkirk - Tamfourhill,S12000014,Falkirk,9,2673
20210707,S02001720,Falkirk - Lochgreen and Lionthorn,S12000014,Falkirk,11,3736
20210707,S02001721,Hallglen and Glen Village,S12000014,Falkirk,4,3098
20210707,S02001722,Shieldhill,S12000014,Falkirk,12,2461
20210707,S02001723,Braes Villages,S12000014,Falkirk,15,4774
20210707,S02001724,Reddingmuirhead and Overton,S12000014,Falkirk,28,5004
20210707,S02001725,Brightons and Wallacestone,S12000014,Falkirk,9,4186
20210707,S02001726,Maddiston and Rumford,S12000014,Falkirk,21,5211
20210707,S02001727,Polmont,S12000014,Falkirk,12,3975
20210707,S02001728,Redding,S12000014,Falkirk,14,3278
20210707,S02001729,Laurieston and Westquarter,S12000014,Falkirk,8,3261
20210707,S02001730,Grangemouth - Newlands,S12000014,Falkirk,8,4668
20210707,S02001731,Grangemouth - Town Centre,S12000014,Falkirk,8,3023
20210707,S02001732,Grangemouth - Kersiebank,S12000014,Falkirk,6,4108
20210707,S02001733,Grangemouth - Bowhouse,S12000014,Falkirk,13,3653
20210707,S02001734,Bo'ness - Douglas,S12000014,Falkirk,20,4211
20210707,S02001735,Bo'ness - Newtown,S12000014,Falkirk,4,3098
20210707,S02001736,Bo'ness - Kinneil,S12000014,Falkirk,10,3054
20210707,S02001737,"Blackness, Bo'ness - Carriden and Grahamsdyke",S12000014,Falkirk,23,5100
20210707,S02001738,Kincardine,S12000047,Fife,14,3093
20210707,S02001739,Oakley Comrie and Blairhall,S12000047,Fife,11,3983
20210707,S02001740,Saline and Gowkhall,S12000047,Fife,9,3471
20210707,S02001741,Valleyfield Culross and Torryburn,S12000047,Fife,14,3593
20210707,S02001742,Cairneyhill and Crombie,S12000047,Fife,6,2874
20210707,S02001743,Crossford Charlestown and Limekilns,S12000047,Fife,20,4325
20210707,S02001744,Dunfermline Milesmark and Wellwood,S12000047,Fife,9,3735
20210707,S02001745,Dunfermline Baldridgeburn,S12000047,Fife,17,3664
20210707,S02001746,Dunfermline Headwell,S12000047,Fife,24,4653
20210707,S02001747,Dunfermline Central,S12000047,Fife,16,3110
20210707,S02001748,Dunfermline Brucefield,S12000047,Fife,7,3322
20210707,S02001749,Dunfermline Garvock Hill,S12000047,Fife,18,2991
20210707,S02001750,Dunfermline Bellyeoman and Townhill,S12000047,Fife,19,5253
20210707,S02001751,Dunfermline Duloch North and Lynebank,S12000047,Fife,32,5863
20210707,S02001752,Dunfermline Touch and Woodmill,S12000047,Fife,4,2878
20210707,S02001753,Dunfermline Abbeyview North,S12000047,Fife,17,3857
20210707,S02001754,Dunfermline Abbeyview South,S12000047,Fife,9,2859
20210707,S02001755,Dunfermline Duloch South,S12000047,Fife,20,3972
20210707,S02001756,Dunfermline Masterton,S12000047,Fife,18,3329
20210707,S02001757,Dunfermline Pitcorthie East,S12000047,Fife,20,3656
20210707,S02001758,Dunfermline Pitcorthie West,S12000047,Fife,9,2511
20210707,S02001759,Rosyth North,S12000047,Fife,12,2997
20210707,S02001760,Rosyth East,S12000047,Fife,11,3018
20210707,S02001761,Rosyth Central,S12000047,Fife,8,3507
20210707,S02001762,Rosyth South,S12000047,Fife,19,3921
20210707,S02001763,North Queensferry and Inverkeithing West,S12000047,Fife,8,3094
20210707,S02001764,Inverkeithing East,S12000047,Fife,14,2842
20210707,S02001765,Dalgety Bay West and Hillend,S12000047,Fife,4,2572
20210707,S02001766,Dalgety Bay Central,S12000047,Fife,8,4331
20210707,S02001767,Dalgety Bay East,S12000047,Fife,5,2539
20210707,S02001768,Crossgates and Halbeath,S12000047,Fife,15,3489
20210707,S02001769,Hill of Beath and Kingseat,S12000047,Fife,23,3342
20210707,S02001770,Cowdenbeath South,S12000047,Fife,19,3122
20210707,S02001771,Cowdenbeath North,S12000047,Fife,46,5013
20210707,S02001772,Kelty West,S12000047,Fife,26,2689
20210707,S02001773,Kelty East,S12000047,Fife,28,3901
20210707,S02001774,Lochore and Crosshill,S12000047,Fife,12,2830
20210707,S02001775,Ballingry,S12000047,Fife,18,2903
20210707,S02001776,Cardenden,S12000047,Fife,31,6319
20210707,S02001777,Lochgelly East,S12000047,Fife,42,4373
20210707,S02001778,Lochgelly West and Lumphinnans,S12000047,Fife,31,3180
20210707,S02001779,Aberdour and Auchtertool,S12000047,Fife,18,3621
20210707,S02001780,Burntisland West,S12000047,Fife,9,4134
20210707,S02001781,Burntisland East,S12000047,Fife,10,2572
20210707,S02001782,Kinghorn,S12000047,Fife,10,2764
20210707,S02001783,Kirkcaldy Linktown & Seafield,S12000047,Fife,16,4450
20210707,S02001784,Kirkcaldy Central,S12000047,Fife,15,3309
20210707,S02001785,Kirkcaldy Bennochy East,S12000047,Fife,17,2929
20210707,S02001786,Kirkcaldy Bennochy West,S12000047,Fife,13,2888
20210707,S02001787,Kirkcaldy Raith,S12000047,Fife,11,2498
20210707,S02001788,Kirkcaldy Newliston and Redcraigs,S12000047,Fife,5,2998
20210707,S02001789,Kirkcaldy Templehall West,S12000047,Fife,13,3046
20210707,S02001790,Kirkcaldy Templehall East,S12000047,Fife,15,4776
20210707,S02001791,Kirkcaldy Dunnikier,S12000047,Fife,14,3181
20210707,S02001792,Kirkcaldy Chapel,S12000047,Fife,33,5454
20210707,S02001793,Kirkcaldy Hayfield and Smeaton,S12000047,Fife,17,3714
20210707,S02001794,Kirkcaldy Pathhead,S12000047,Fife,19,3004
20210707,S02001795,Kirkcaldy Gallatown and Sinclairtown,S12000047,Fife,21,4367
20210707,S02001796,Dysart,S12000047,Fife,16,3680
20210707,S02001797,Wemyss,S12000047,Fife,11,3216
20210707,S02001798,Thornton and Kinglassie,S12000047,Fife,18,4203
20210707,S02001799,Leslie and Newcastle,S12000047,Fife,7,4178
20210707,S02001800,Glenrothes Macedonia and Tanshall,S12000047,Fife,9,4104
20210707,S02001801,Glenrothes South Parks,S12000047,Fife,10,2126
20210707,S02001802,Glenrothes Caskieberran and Rimbleton,S12000047,Fife,15,4418
20210707,S02001803,Glenrothes Auchmuty,S12000047,Fife,18,3313
20210707,S02001804,Glenrothes Stenton and Finglassie,S12000047,Fife,16,3433
20210707,S02001805,Glenrothes Pitteuchar,S12000047,Fife,28,4951
20210707,S02001806,Glenrothes Woodside,S12000047,Fife,9,2734
20210707,S02001807,Glenrothes Balgeddie and Town Park,S12000047,Fife,9,3603
20210707,S02001808,Glenrothes Collydean,S12000047,Fife,3,2199
20210707,S02001809,Glenrothes Cadham and Pitcoudie,S12000047,Fife,5,2050
20210707,S02001810,Glenrothes Balfarg Pitcairn and Coul,S12000047,Fife,6,2759
20210707,S02001811,Markinch and Star,S12000047,Fife,22,4327
20210707,S02001812,Windygates and Coaltown,S12000047,Fife,11,3322
20210707,S02001813,"Buckhaven, Denbeath and Muiredge",S12000047,Fife,11,4548
20210707,S02001814,Methil Methilhill,S12000047,Fife,16,4439
20210707,S02001815,Methil West,S12000047,Fife,8,2412
20210707,S02001816,Methil East,S12000047,Fife,8,3464
20210707,S02001817,Leven East,S12000047,Fife,4,2966
20210707,S02001818,Leven West,S12000047,Fife,12,3708
20210707,S02001819,Leven North,S12000047,Fife,5,2583
20210707,S02001820,Largo,S12000047,Fife,13,2944
20210707,S02001821,Kennoway and Bonnybank,S12000047,Fife,22,5525
20210707,S02001822,Kettle and Ladybank,S12000047,Fife,4,4208
20210707,S02001823,Falkland and Freuchie,S12000047,Fife,5,2569
20210707,S02001824,Auchtermuchty and Gateside,S12000047,Fife,14,4171
20210707,S02001825,Newburgh,S12000047,Fife,18,2887
20210707,S02001826,Cupar West and Springfield,S12000047,Fife,16,4095
20210707,S02001827,Cupar Central,S12000047,Fife,10,3229
20210707,S02001828,Cupar East,S12000047,Fife,9,3866
20210707,S02001829,Dairsie Ceres and Dunino,S12000047,Fife,5,2874
20210707,S02001830,Elie Colinsburgh and Largoward,S12000047,Fife,,2225
20210707,S02001831,St Monans and Pittenweem,S12000047,Fife,11,2649
20210707,S02001832,Anstruther,S12000047,Fife,22,4328
20210707,S02001833,Crail and Boarhills,S12000047,Fife,8,2431
20210707,S02001834,St Andrews South East,S12000047,Fife,13,4157
20210707,S02001835,St Andrews Central,S12000047,Fife,28,6392
20210707,S02001836,St Andrews South West,S12000047,Fife,18,4357
20210707,S02001837,St Andrews North and Strathkinness,S12000047,Fife,10,5386
20210707,S02001838,Leuchars and Guardbridge,S12000047,Fife,11,4160
20210707,S02001839,Balmullo and Gauldry,S12000047,Fife,5,3693
20210707,S02001840,Tayport,S12000047,Fife,27,3758
20210707,S02001841,Newport and Wormit,S12000047,Fife,17,4231
20210707,S02001842,Darnley East,S12000049,Glasgow City,19,5104
20210707,S02001843,Darnley North,S12000049,Glasgow City,29,3542
20210707,S02001844,Darnley West,S12000049,Glasgow City,27,5461
20210707,S02001845,Nitshill,S12000049,Glasgow City,51,6330
20210707,S02001846,Crookston South,S12000049,Glasgow City,25,3380
20210707,S02001847,Crookston North,S12000049,Glasgow City,18,3106
20210707,S02001848,Pollok South and West,S12000049,Glasgow City,41,6341
20210707,S02001849,Pollok North and East,S12000049,Glasgow City,32,5869
20210707,S02001850,Cardonald South and East,S12000049,Glasgow City,12,3192
20210707,S02001851,Cardonald North,S12000049,Glasgow City,11,4329
20210707,S02001852,Cardonald West and Central,S12000049,Glasgow City,18,5162
20210707,S02001853,Penilee,S12000049,Glasgow City,25,5279
20210707,S02001854,Hillington,S12000049,Glasgow City,14,3377
20210707,S02001855,Drumoyne and Shieldhall,S12000049,Glasgow City,33,6241
20210707,S02001856,Govan and Linthouse,S12000049,Glasgow City,29,6065
20210707,S02001857,Craigton,S12000049,Glasgow City,9,3516
20210707,S02001858,Mosspark,S12000049,Glasgow City,22,5126
20210707,S02001859,Ibrox,S12000049,Glasgow City,26,3640
20210707,S02001860,Ibrox East and Cessnock,S12000049,Glasgow City,14,3322
20210707,S02001861,Kinning Park and Festival Park,S12000049,Glasgow City,20,4448
20210707,S02001862,Kingston West and Dumbreck,S12000049,Glasgow City,14,3637
20210707,S02001863,Pollokshields West,S12000049,Glasgow City,10,4662
20210707,S02001864,Pollokshields East,S12000049,Glasgow City,15,5037
20210707,S02001865,Govanhill West,S12000049,Glasgow City,16,5793
20210707,S02001866,Govanhill East and Aikenhead,S12000049,Glasgow City,18,4519
20210707,S02001867,Battlefield,S12000049,Glasgow City,22,5074
20210707,S02001868,Strathbungo,S12000049,Glasgow City,11,5917
20210707,S02001869,Maxwell Park,S12000049,Glasgow City,19,5866
20210707,S02001870,Shawlands West,S12000049,Glasgow City,12,3888
20210707,S02001871,Shawlands East,S12000049,Glasgow City,8,3593
20210707,S02001872,Langside,S12000049,Glasgow City,9,4573
20210707,S02001873,Pollokshaws,S12000049,Glasgow City,17,4462
20210707,S02001874,Carnwadric West,S12000049,Glasgow City,11,4228
20210707,S02001875,Carnwadric East,S12000049,Glasgow City,8,3127
20210707,S02001876,Newlands,S12000049,Glasgow City,14,5278
20210707,S02001877,Merrylee and Millbrae,S12000049,Glasgow City,22,3496
20210707,S02001878,Muirend and Old Cathcart,S12000049,Glasgow City,12,4622
20210707,S02001879,Carmunnock North,S12000049,Glasgow City,18,2871
20210707,S02001880,Carmunnock South,S12000049,Glasgow City,10,3737
20210707,S02001881,Glenwood South,S12000049,Glasgow City,30,4953
20210707,S02001882,Glenwood North,S12000049,Glasgow City,31,4313
20210707,S02001883,Castlemilk,S12000049,Glasgow City,22,4980
20210707,S02001884,Kingspark South,S12000049,Glasgow City,10,4026
20210707,S02001885,Kingspark North,S12000049,Glasgow City,22,4069
20210707,S02001886,Cathcart,S12000049,Glasgow City,20,5411
20210707,S02001887,Mount Florida,S12000049,Glasgow City,14,4395
20210707,S02001888,Toryglen and Oatlands,S12000049,Glasgow City,21,6814
20210707,S02001889,Gorbals and Hutchesontown,S12000049,Glasgow City,27,6201
20210707,S02001890,Laurieston and Tradeston,S12000049,Glasgow City,24,6156
20210707,S02001891,Calton and Gallowgate,S12000049,Glasgow City,16,4602
20210707,S02001892,Bridgeton,S12000049,Glasgow City,23,4147
20210707,S02001893,Dalmarnock,S12000049,Glasgow City,22,3860
20210707,S02001894,Parkhead West and Barrowfield,S12000049,Glasgow City,57,7465
20210707,S02001895,Parkhead East and Braidfauld North,S12000049,Glasgow City,13,3596
20210707,S02001896,Braidfauld,S12000049,Glasgow City,39,6652
20210707,S02001897,Shettleston South,S12000049,Glasgow City,20,3810
20210707,S02001898,Carmyle and Mount Vernon South,S12000049,Glasgow City,17,2632
20210707,S02001899,Mount Vernon North and Sandyhills,S12000049,Glasgow City,18,3525
20210707,S02001900,Baillieston West,S12000049,Glasgow City,26,3607
20210707,S02001901,Baillieston East,S12000049,Glasgow City,37,7128
20210707,S02001902,Garrowhill West,S12000049,Glasgow City,21,4096
20210707,S02001903,Garrowhill East and Swinton,S12000049,Glasgow City,29,4177
20210707,S02001904,Easterhouse East,S12000049,Glasgow City,13,3156
20210707,S02001905,Central Easterhouse,S12000049,Glasgow City,17,2382
20210707,S02001906,"Garthamlock, Auchinlea and Gartloch",S12000049,Glasgow City,34,4631
20210707,S02001907,North Barlanark and Easterhouse South,S12000049,Glasgow City,24,3581
20210707,S02001908,Barlanark,S12000049,Glasgow City,33,4916
20210707,S02001909,Greenfield,S12000049,Glasgow City,19,5139
20210707,S02001910,Shettleston North,S12000049,Glasgow City,17,4772
20210707,S02001911,Tollcross,S12000049,Glasgow City,17,4052
20210707,S02001912,Old Shettleston and Parkhead North,S12000049,Glasgow City,33,4848
20210707,S02001913,Carntyne,S12000049,Glasgow City,14,3504
20210707,S02001914,"Cranhill, Lightburn and Queenslie South",S12000049,Glasgow City,30,6554
20210707,S02001915,Craigend and Ruchazie,S12000049,Glasgow City,24,5692
20210707,S02001916,Riddrie and Hogganfield,S12000049,Glasgow City,26,5867
20210707,S02001917,Blackhill and Barmulloch East,S12000049,Glasgow City,31,4601
20210707,S02001918,Robroyston and Millerston,S12000049,Glasgow City,34,6352
20210707,S02001919,Balornock,S12000049,Glasgow City,12,3439
20210707,S02001920,Barmulloch,S12000049,Glasgow City,18,3048
20210707,S02001921,Petershill,S12000049,Glasgow City,10,3611
20210707,S02001922,Springburn,S12000049,Glasgow City,21,4539
20210707,S02001923,Springburn East and Cowlairs,S12000049,Glasgow City,14,4850
20210707,S02001924,Cowlairs and Port Dundas,S12000049,Glasgow City,12,4026
20210707,S02001925,Sighthill,S12000049,Glasgow City,4,900
20210707,S02001926,"Roystonhill, Blochairn, and Provanmill",S12000049,Glasgow City,27,6023
20210707,S02001927,Dennistoun North,S12000049,Glasgow City,17,4707
20210707,S02001928,Alexandra Parade,S12000049,Glasgow City,11,2695
20210707,S02001929,Carntyne West and Haghill,S12000049,Glasgow City,36,4771
20210707,S02001930,Dennistoun,S12000049,Glasgow City,18,4454
20210707,S02001931,Gallowgate North and Bellgrove,S12000049,Glasgow City,23,6354
20210707,S02001932,City Centre East,S12000049,Glasgow City,28,10486
20210707,S02001933,City Centre West,S12000049,Glasgow City,40,5676
20210707,S02001934,City Centre South,S12000049,Glasgow City,19,3945
20210707,S02001935,Anderston,S12000049,Glasgow City,16,5577
20210707,S02001936,Finnieston and Kelvinhaugh,S12000049,Glasgow City,23,10513
20210707,S02001937,Woodlands,S12000049,Glasgow City,37,7387
20210707,S02001938,Woodside,S12000049,Glasgow City,21,3569
20210707,S02001939,Firhill,S12000049,Glasgow City,24,6415
20210707,S02001940,Keppochhill,S12000049,Glasgow City,25,4894
20210707,S02001941,Ruchill,S12000049,Glasgow City,37,7402
20210707,S02001942,Possil Park,S12000049,Glasgow City,42,6123
20210707,S02001943,Milton West,S12000049,Glasgow City,30,4275
20210707,S02001944,Milton East,S12000049,Glasgow City,25,3185
20210707,S02001945,Summerston Central and West,S12000049,Glasgow City,27,4481
20210707,S02001946,Summerston North,S12000049,Glasgow City,14,3445
20210707,S02001947,Maryhill East,S12000049,Glasgow City,16,3448
20210707,S02001948,Maryhill West,S12000049,Glasgow City,9,3064
20210707,S02001949,Wyndford,S12000049,Glasgow City,16,4306
20210707,S02001950,Kelvindale,S12000049,Glasgow City,28,6166
20210707,S02001951,North Kelvin,S12000049,Glasgow City,19,4187
20210707,S02001952,Kelvingrove and University,S12000049,Glasgow City,34,6546
20210707,S02001953,Hillhead,S12000049,Glasgow City,30,8319
20210707,S02001954,Glasgow Harbour and Partick South,S12000049,Glasgow City,22,5311
20210707,S02001955,Partick,S12000049,Glasgow City,12,4024
20210707,S02001956,Partickhill and Hyndland,S12000049,Glasgow City,13,5803
20210707,S02001957,Dowanhill,S12000049,Glasgow City,21,4589
20210707,S02001958,Kelvinside and Jordanhill,S12000049,Glasgow City,20,5717
20210707,S02001959,Broomhill,S12000049,Glasgow City,13,4639
20210707,S02001960,Victoria Park,S12000049,Glasgow City,4,2705
20210707,S02001961,Whiteinch,S12000049,Glasgow City,10,3742
20210707,S02001962,Scotstoun North and East,S12000049,Glasgow City,12,4595
20210707,S02001963,Scotstoun South and West,S12000049,Glasgow City,14,3637
20210707,S02001964,Yoker South,S12000049,Glasgow City,15,4856
20210707,S02001965,Yoker North,S12000049,Glasgow City,18,2970
20210707,S02001966,Knightswood West,S12000049,Glasgow City,13,2551
20210707,S02001967,Knightswood East,S12000049,Glasgow City,14,3921
20210707,S02001968,Knightswood Park West,S12000049,Glasgow City,15,3354
20210707,S02001969,Knightswood Park East,S12000049,Glasgow City,23,3870
20210707,S02001970,Anniesland East,S12000049,Glasgow City,11,4242
20210707,S02001971,Anniesland West,S12000049,Glasgow City,35,6681
20210707,S02001972,Blairdardie East,S12000049,Glasgow City,20,5485
20210707,S02001973,Blairdardie West,S12000049,Glasgow City,13,2975
20210707,S02001974,Drumchapel South,S12000049,Glasgow City,23,2542
20210707,S02001975,Drumchapel North,S12000049,Glasgow City,16,3354
20210707,S02001976,Drumry East,S12000049,Glasgow City,21,3317
20210707,S02001977,Drumry West,S12000049,Glasgow City,19,3542
20210707,S02001978,Lochaber West,S12000017,Highland,,4809
20210707,S02001979,Fort William North,S12000017,Highland,7,4577
20210707,S02001980,Fort William South,S12000017,Highland,9,5658
20210707,S02001981,Lochaber East and North,S12000017,Highland,11,4761
20210707,S02001982,Badenoch and Strathspey South,S12000017,Highland,17,3875
20210707,S02001983,Badenoch and Strathspey Central,S12000017,Highland,10,5315
20210707,S02001984,Badenoch and Strathspey North,S12000017,Highland,18,4795
20210707,S02001985,Nairn Rural,S12000017,Highland,14,5013
20210707,S02001986,Nairn East,S12000017,Highland,10,4031
20210707,S02001987,Nairn West,S12000017,Highland,14,4463
20210707,S02001988,Inverness East Rural,S12000017,Highland,27,5594
20210707,S02001989,Inverness Culloden and Balloch,S12000017,Highland,18,3943
20210707,S02001990,Inverness Smithton,S12000017,Highland,5,3045
20210707,S02001991,Inverness Westhill,S12000017,Highland,34,6145
20210707,S02001992,Inverness Inshes,S12000017,Highland,16,5706
20210707,S02001993,Inverness Slackbuie,S12000017,Highland,34,3639
20210707,S02001994,Inverness Lochardil and Holm Mains,S12000017,Highland,31,5336
20210707,S02001995,Inverness Drummond,S12000017,Highland,6,3473
20210707,S02001996,Inverness Hilton,S12000017,Highland,17,3793
20210707,S02001997,Inverness Drakies,S12000017,Highland,7,2299
20210707,S02001998,"Inverness Central, Raigmore and Longman",S12000017,Highland,9,4016
20210707,S02001999,Inverness Crown and Haugh,S12000017,Highland,20,4454
20210707,S02002000,Inverness Ballifeary and Dalneigh,S12000017,Highland,29,4387
20210707,S02002001,Inverness Muirtown,S12000017,Highland,9,3745
20210707,S02002002,Inverness Merkinch,S12000017,Highland,11,3448
20210707,S02002003,Inverness Scorguie,S12000017,Highland,6,2913
20210707,S02002004,Inverness Kinmylies and South West,S12000017,Highland,13,4093
20210707,S02002005,Inverness West Rural,S12000017,Highland,12,6801
20210707,S02002006,Loch Ness,S12000017,Highland,9,4626
20210707,S02002007,Lochalsh,S12000017,Highland,,2659
20210707,S02002008,Skye South,S12000017,Highland,,3606
20210707,S02002009,Skye North East,S12000017,Highland,,3574
20210707,S02002010,Skye North West,S12000017,Highland,,3411
20210707,S02002011,Ross and Cromarty South West,S12000017,Highland,3,3017
20210707,S02002012,Ross and Cromarty North West,S12000017,Highland,12,3259
20210707,S02002013,Ross and Cromarty Central,S12000017,Highland,11,3713
20210707,S02002014,Ross and Cromarty East,S12000017,Highland,,3265
20210707,S02002015,Muir of Ord,S12000017,Highland,7,3558
20210707,S02002016,Conon,S12000017,Highland,4,3858
20210707,S02002017,Dingwall,S12000017,Highland,17,5347
20210707,S02002018,Black Isle South,S12000017,Highland,16,6945
20210707,S02002019,Black Isle North,S12000017,Highland,5,3599
20210707,S02002020,Alness,S12000017,Highland,8,5904
20210707,S02002021,Invergordon,S12000017,Highland,6,4416
20210707,S02002022,Seaboard,S12000017,Highland,5,4389
20210707,S02002023,Tain,S12000017,Highland,3,3691
20210707,S02002024,Sutherland South,S12000017,Highland,11,6151
20210707,S02002025,Sutherland East,S12000017,Highland,3,4095
20210707,S02002026,Caithness South,S12000017,Highland,,2956
20210707,S02002027,Wick South,S12000017,Highland,3,3423
20210707,S02002028,Wick North,S12000017,Highland,,3220
20210707,S02002029,Caithness North East,S12000017,Highland,5,3533
20210707,S02002030,Caithness North West,S12000017,Highland,10,4980
20210707,S02002031,Thurso East,S12000017,Highland,3,2614
20210707,S02002032,Thurso West,S12000017,Highland,5,4634
20210707,S02002033,Sutherland North and West,S12000017,Highland,8,3260
20210707,S02002034,Kilmacolm Central,S12000018,Inverclyde,17,2551
20210707,S02002035,"Kilmacolm, Quarriers, Greenock Upper East/Central",S12000018,Inverclyde,10,3188
20210707,S02002036,Inverkip and Wemyss Bay,S12000018,Inverclyde,29,6038
20210707,S02002037,"West Braeside, East Inverkip and West Gourock",S12000018,Inverclyde,9,2982
20210707,S02002038,Gourock Upper and West Central and Upper Larkfield,S12000018,Inverclyde,15,4151
20210707,S02002039,"Gourock Central, Upper East and IRH",S12000018,Inverclyde,13,3913
20210707,S02002040,"Braeside, Branchton, Lower Larkfield and Ravenscraig",S12000018,Inverclyde,33,6240
20210707,S02002041,"Lower Bow and Larkfield, Fancy Farm, Mallard Bowl",S12000018,Inverclyde,15,4583
20210707,S02002042,"Gourock East, Greenock West and Lyle Road",S12000018,Inverclyde,27,4945
20210707,S02002043,Greenock West and Central,S12000018,Inverclyde,22,5409
20210707,S02002044,"Bow Farm, Barrs Cottage, Cowdenknowes and Overton",S12000018,Inverclyde,21,4048
20210707,S02002045,Greenock Upper Central,S12000018,Inverclyde,28,3741
20210707,S02002046,Greenock Town Centre and East Central,S12000018,Inverclyde,22,4907
20210707,S02002047,Greenock East,S12000018,Inverclyde,32,6533
20210707,S02002048,"Port Glasgow Upper, West and Central",S12000018,Inverclyde,34,5415
20210707,S02002049,"Port Glasgow Mid, East and Central",S12000018,Inverclyde,21,4453
20210707,S02002050,Port Glasgow Upper East,S12000018,Inverclyde,41,4703
20210707,S02002051,Rural South Midlothian,S12000019,Midlothian,14,3630
20210707,S02002052,Penicuik Southeast,S12000019,Midlothian,35,3775
20210707,S02002053,Penicuik Southwest,S12000019,Midlothian,27,3722
20210707,S02002054,Penicuik East,S12000019,Midlothian,34,2777
20210707,S02002055,Penicuik North,S12000019,Midlothian,27,3490
20210707,S02002056,Pentland,S12000019,Midlothian,28,3280
20210707,S02002057,Roslin and Bilston,S12000019,Midlothian,17,3333
20210707,S02002058,Straiton,S12000019,Midlothian,16,2483
20210707,S02002059,Loanhead,S12000019,Midlothian,27,3851
20210707,S02002060,Bonnyrigg South,S12000019,Midlothian,31,4746
20210707,S02002061,Bonnyrigg North,S12000019,Midlothian,44,5652
20210707,S02002062,Newbattle and Dalhousie,S12000019,Midlothian,57,8635
20210707,S02002063,Eskbank,S12000019,Midlothian,22,4898
20210707,S02002064,Shawfair,S12000019,Midlothian,36,4568
20210707,S02002065,Thornybank,S12000019,Midlothian,42,4457
20210707,S02002066,Dalkeith,S12000019,Midlothian,27,2903
20210707,S02002067,Pathhead and Rural East Midlothian,S12000019,Midlothian,33,7690
20210707,S02002068,Easthouses,S12000019,Midlothian,17,3040
20210707,S02002069,Mayfield,S12000019,Midlothian,35,4576
20210707,S02002070,Newtongrange,S12000019,Midlothian,43,4197
20210707,S02002071,North Gorebridge,S12000019,Midlothian,33,3159
20210707,S02002072,Gorebridge and Middleton,S12000019,Midlothian,22,3598
20210707,S02002073,South Speyside and the Cabrach,S12000020,Moray,,4160
20210707,S02002074,North Speyside,S12000020,Moray,,3636
20210707,S02002075,Rural Keith and Strathisla,S12000020,Moray,,3120
20210707,S02002076,Keith and Fife Keith,S12000020,Moray,3,4527
20210707,S02002077,"Cullen, Portknockie, Findochty, Drybridge and Berryhillock",S12000020,Moray,,5653
20210707,S02002078,Buckie Central East,S12000020,Moray,7,3391
20210707,S02002079,Buckie West and Mains of Buckie,S12000020,Moray,,4905
20210707,S02002080,"Mosstodloch, Portgordon and seaward",S12000020,Moray,,3503
20210707,S02002081,"Fochabers, Aultmore, Clochan and Ordiquish",S12000020,Moray,7,2428
20210707,S02002082,"Heldon West, Fogwatt to Inchberry",S12000020,Moray,,5199
20210707,S02002083,"Lhanbryde, Urquhart, Pitgavney and seaward",S12000020,Moray,3,3386
20210707,S02002084,Elgin Cathedral to Ashgrove and Pinefield,S12000020,Moray,5,4200
20210707,S02002085,New Elgin East,S12000020,Moray,,3966
20210707,S02002086,New Elgin West,S12000020,Moray,,4103
20210707,S02002087,Elgin Central West,S12000020,Moray,5,3098
20210707,S02002088,Elgin Bishopmill East and Ladyhill,S12000020,Moray,,3296
20210707,S02002089,Elgin Bishopmill West and Newfield,S12000020,Moray,6,3141
20210707,S02002090,Lossiemouth East and Seatown,S12000020,Moray,7,3393
20210707,S02002091,Lossiemouth West,S12000020,Moray,7,4186
20210707,S02002092,"Burghead, Roseisle and Laich",S12000020,Moray,3,5512
20210707,S02002093,"Findhorn, Kinloss and Pluscarden Valley",S12000020,Moray,,3816
20210707,S02002094,Forres Central East and seaward,S12000020,Moray,,3680
20210707,S02002095,Forres South West and Mannachie,S12000020,Moray,5,5298
20210707,S02002096,"Rafford, Dallas, Dyke to Dava",S12000020,Moray,12,4223
20210707,S02002097,Arran,S12000021,North Ayrshire,5,4537
20210707,S02002098,Springside and Rural,S12000021,North Ayrshire,10,2804
20210707,S02002099,Irvine Tarryholme,S12000021,North Ayrshire,8,2824
20210707,S02002100,Dreghorn,S12000021,North Ayrshire,6,3498
20210707,S02002101,Irvine Broomlands,S12000021,North Ayrshire,9,2739
20210707,S02002102,Irvine Bourtreehill,S12000021,North Ayrshire,3,2237
20210707,S02002103,Irvine Girdle Toll and Staneca,S12000021,North Ayrshire,12,4215
20210707,S02002104,Irvine Perceton and Lawthorn,S12000021,North Ayrshire,9,4889
20210707,S02002105,Irvine Castlepark North,S12000021,North Ayrshire,9,3508
20210707,S02002106,Irvine Castlepark South,S12000021,North Ayrshire,6,3251
20210707,S02002107,Irvine East,S12000021,North Ayrshire,8,3100
20210707,S02002108,Irvine Central,S12000021,North Ayrshire,9,3223
20210707,S02002109,Irvine Fullarton,S12000021,North Ayrshire,4,2874
20210707,S02002110,Stevenston Ardeer,S12000021,North Ayrshire,16,3037
20210707,S02002111,Saltcoats Central,S12000021,North Ayrshire,10,3705
20210707,S02002112,Ardrossan Central,S12000021,North Ayrshire,,3069
20210707,S02002113,Ardrossan North West,S12000021,North Ayrshire,8,3108
20210707,S02002114,Ardrossan North East,S12000021,North Ayrshire,24,4308
20210707,S02002115,Saltcoats North West,S12000021,North Ayrshire,7,3529
20210707,S02002116,Saltcoats North East,S12000021,North Ayrshire,15,5031
20210707,S02002117,Stevenston North West,S12000021,North Ayrshire,10,2789
20210707,S02002118,Stevenston Hayocks,S12000021,North Ayrshire,21,3992
20210707,S02002119,Kilwinning Whitehirst Park and Woodside,S12000021,North Ayrshire,15,4983
20210707,S02002120,Kilwinning Pennyburn,S12000021,North Ayrshire,9,2955
20210707,S02002121,Kilwinning West and Blacklands,S12000021,North Ayrshire,15,4235
20210707,S02002122,Kilwinning Central and North,S12000021,North Ayrshire,14,3750
20210707,S02002123,Dalry East and Rural,S12000021,North Ayrshire,5,2848
20210707,S02002124,Dalry West,S12000021,North Ayrshire,7,2908
20210707,S02002125,Fairlie and Rural,S12000021,North Ayrshire,4,2761
20210707,S02002126,West Kilbride and Seamill,S12000021,North Ayrshire,8,4667
20210707,S02002127,Largs South,S12000021,North Ayrshire,8,3662
20210707,S02002128,Largs Central and Cumbrae,S12000021,North Ayrshire,16,4759
20210707,S02002129,Largs North,S12000021,North Ayrshire,13,3964
20210707,S02002130,Skelmorlie and Rural,S12000021,North Ayrshire,17,2933
20210707,S02002131,Kilbirnie North,S12000021,North Ayrshire,14,3185
20210707,S02002132,Kilbirnie South and Longbar,S12000021,North Ayrshire,6,3918
20210707,S02002133,Beith West,S12000021,North Ayrshire,7,3032
20210707,S02002134,Beith East and Rural,S12000021,North Ayrshire,8,3913
20210707,S02002135,Overtown,S12000050,North Lanarkshire,5,3617
20210707,S02002136,Netherton and Kirkhill,S12000050,North Lanarkshire,9,3451
20210707,S02002137,Muirhouse,S12000050,North Lanarkshire,9,4180
20210707,S02002138,Muirhouse and Knowetop,S12000050,North Lanarkshire,20,6861
20210707,S02002139,Craigneuk Wishaw,S12000050,North Lanarkshire,14,4729
20210707,S02002140,Pather,S12000050,North Lanarkshire,10,3963
20210707,S02002141,Wishaw South,S12000050,North Lanarkshire,11,4888
20210707,S02002142,Wishaw North,S12000050,North Lanarkshire,20,6139
20210707,S02002143,Coltness,S12000050,North Lanarkshire,5,3809
20210707,S02002144,Wishaw East,S12000050,North Lanarkshire,5,2774
20210707,S02002145,Newmains,S12000050,North Lanarkshire,20,5501
20210707,S02002146,Allanton - Newmains Rural,S12000050,North Lanarkshire,14,3835
20210707,S02002147,Shotts,S12000050,North Lanarkshire,13,4347
20210707,S02002148,Stane,S12000050,North Lanarkshire,16,2895
20210707,S02002149,Harthill and Salsburgh,S12000050,North Lanarkshire,24,5692
20210707,S02002150,Cleland,S12000050,North Lanarkshire,19,4994
20210707,S02002151,Newarthill,S12000050,North Lanarkshire,9,2989
20210707,S02002152,Carfin North,S12000050,North Lanarkshire,14,3957
20210707,S02002153,Clydesdale and New Stevenston,S12000050,North Lanarkshire,13,3598
20210707,S02002154,Carfin and Cleekhimin,S12000050,North Lanarkshire,31,5407
20210707,S02002155,Motherwell South,S12000050,North Lanarkshire,7,3746
20210707,S02002156,Ladywell,S12000050,North Lanarkshire,17,4339
20210707,S02002157,Motherwell West,S12000050,North Lanarkshire,18,4070
20210707,S02002158,Motherwell North,S12000050,North Lanarkshire,11,3041
20210707,S02002159,Forgewood,S12000050,North Lanarkshire,18,4786
20210707,S02002160,Holytown,S12000050,North Lanarkshire,20,5294
20210707,S02002161,Milnwood,S12000050,North Lanarkshire,16,4923
20210707,S02002162,Orbiston,S12000050,North Lanarkshire,11,4989
20210707,S02002163,Bellshill South,S12000050,North Lanarkshire,23,4632
20210707,S02002164,Hattonrigg,S12000050,North Lanarkshire,15,2446
20210707,S02002165,Bellshill Central,S12000050,North Lanarkshire,10,3390
20210707,S02002166,Fallside,S12000050,North Lanarkshire,11,4952
20210707,S02002167,Viewpark,S12000050,North Lanarkshire,15,5698
20210707,S02002168,Birkenshaw,S12000050,North Lanarkshire,20,4639
20210707,S02002169,Kirkwood and Bargeddie,S12000050,North Lanarkshire,32,6256
20210707,S02002170,Kirkshaws,S12000050,North Lanarkshire,25,5901
20210707,S02002171,Dundyvan,S12000050,North Lanarkshire,23,6259
20210707,S02002172,Drumpellier and Langloan,S12000050,North Lanarkshire,13,2470
20210707,S02002173,Coatbridge West,S12000050,North Lanarkshire,24,4061
20210707,S02002174,Townhead,S12000050,North Lanarkshire,22,4715
20210707,S02002175,Sunnyside and Cliftonville,S12000050,North Lanarkshire,14,3924
20210707,S02002176,Cliftonville,S12000050,North Lanarkshire,23,2963
20210707,S02002177,Shawhead and Whifflet,S12000050,North Lanarkshire,11,3285
20210707,S02002178,Greenend and Carnbroe,S12000050,North Lanarkshire,23,6218
20210707,S02002179,Calderbank and Brownsburn,S12000050,North Lanarkshire,5,2368
20210707,S02002180,Chapelhall West,S12000050,North Lanarkshire,5,2531
20210707,S02002181,Chapelhall East,S12000050,North Lanarkshire,12,4189
20210707,S02002182,Craigneuk Airdrie,S12000050,North Lanarkshire,17,3403
20210707,S02002183,Petersburn,S12000050,North Lanarkshire,16,3855
20210707,S02002184,Gartlea,S12000050,North Lanarkshire,4,3012
20210707,S02002185,Cairnhill,S12000050,North Lanarkshire,12,4616
20210707,S02002186,Coatdyke and Whinhall,S12000050,North Lanarkshire,23,5632
20210707,S02002187,Thrashbush,S12000050,North Lanarkshire,14,5236
20210707,S02002188,Airdrie North,S12000050,North Lanarkshire,14,5185
20210707,S02002189,Drumgelloch,S12000050,North Lanarkshire,18,4351
20210707,S02002190,Caldercruix and Plains,S12000050,North Lanarkshire,22,5939
20210707,S02002191,Glenmavis and Greengairs,S12000050,North Lanarkshire,15,5962
20210707,S02002192,Gartcosh and Marnock,S12000050,North Lanarkshire,49,6987
20210707,S02002193,Cardowan and Millerston,S12000050,North Lanarkshire,20,4948
20210707,S02002194,Stepps,S12000050,North Lanarkshire,18,3166
20210707,S02002195,Chryston and Muirhead,S12000050,North Lanarkshire,32,4176
20210707,S02002196,Moodiesburn West,S12000050,North Lanarkshire,6,3504
20210707,S02002197,Moodiesburn East,S12000050,North Lanarkshire,21,3513
20210707,S02002198,Westfield,S12000050,North Lanarkshire,29,6363
20210707,S02002199,Condorrat,S12000050,North Lanarkshire,16,4622
20210707,S02002200,Greenfaulds,S12000050,North Lanarkshire,15,3789
20210707,S02002201,Seafar,S12000050,North Lanarkshire,11,3315
20210707,S02002202,Cumbernauld Central,S12000050,North Lanarkshire,23,4549
20210707,S02002203,Kildrum,S12000050,North Lanarkshire,16,3994
20210707,S02002204,Abronhill South,S12000050,North Lanarkshire,20,3766
20210707,S02002205,Abronhill North,S12000050,North Lanarkshire,22,4167
20210707,S02002206,Village and Castlecary,S12000050,North Lanarkshire,24,3691
20210707,S02002207,Carrickstone,S12000050,North Lanarkshire,19,4855
20210707,S02002208,Balloch West,S12000050,North Lanarkshire,10,3478
20210707,S02002209,Balloch East,S12000050,North Lanarkshire,8,2636
20210707,S02002210,Kilsyth East and Croy,S12000050,North Lanarkshire,28,8112
20210707,S02002211,Kilsyth Bogside,S12000050,North Lanarkshire,7,3195
20210707,S02002212,Balmalloch,S12000050,North Lanarkshire,18,3642
20210707,S02002213,"Stromness, Sandwick and Stenness",S12000023,Orkney Islands,5,3194
20210707,S02002214,West Mainland,S12000023,Orkney Islands,,4253
20210707,S02002215,East Mainland,S12000023,Orkney Islands,3,4591
20210707,S02002216,West Kirkwall,S12000023,Orkney Islands,6,3698
20210707,S02002217,East Kirkwall,S12000023,Orkney Islands,,2346
20210707,S02002218,Isles,S12000023,Orkney Islands,6,4188
20210707,S02002219,"Powmill, Cleish and Scotlandwell",S12000048,Perth and Kinross,24,4332
20210707,S02002220,Kinross,S12000048,Perth and Kinross,28,5000
20210707,S02002221,Milnathort and Crook of Devon,S12000048,Perth and Kinross,13,3856
20210707,S02002222,"Muthill, Greenloaning and Gleneagles",S12000048,Perth and Kinross,16,4377
20210707,S02002223,Auchterarder,S12000048,Perth and Kinross,35,4130
20210707,S02002224,"Comrie, Gilmerton and St Fillans",S12000048,Perth and Kinross,6,3838
20210707,S02002225,Crieff North,S12000048,Perth and Kinross,13,3079
20210707,S02002226,Crieff South,S12000048,Perth and Kinross,13,4102
20210707,S02002227,Aberuthven and Almondbank,S12000048,Perth and Kinross,22,4829
20210707,S02002228,"Glenfarg, Dunning and Rhynd",S12000048,Perth and Kinross,21,4824
20210707,S02002229,Bridge of Earn and Abernethy,S12000048,Perth and Kinross,24,5271
20210707,S02002230,Moncrieffe and Friarton,S12000048,Perth and Kinross,27,4069
20210707,S02002231,"Viewlands, Craigie and Wellshill",S12000048,Perth and Kinross,35,5777
20210707,S02002232,Burghmuir and Oakbank,S12000048,Perth and Kinross,15,4179
20210707,S02002233,Western Edge,S12000048,Perth and Kinross,21,4123
20210707,S02002234,Letham,S12000048,Perth and Kinross,38,5419
20210707,S02002235,"Hillyland, Tulloch and Inveralmond",S12000048,Perth and Kinross,36,5916
20210707,S02002236,North Muirton and Old Scone,S12000048,Perth and Kinross,24,3140
20210707,S02002237,Muirton,S12000048,Perth and Kinross,16,3633
20210707,S02002238,North Inch,S12000048,Perth and Kinross,15,2253
20210707,S02002239,Central and South Inch,S12000048,Perth and Kinross,26,4487
20210707,S02002240,Gannochy and Walnut Grove,S12000048,Perth and Kinross,15,3632
20210707,S02002241,Scone,S12000048,Perth and Kinross,31,5088
20210707,S02002242,"Guildtown, Balbeggie and St Madoes",S12000048,Perth and Kinross,24,4086
20210707,S02002243,Errol and Inchture,S12000048,Perth and Kinross,37,4234
20210707,S02002244,"Invergowrie, Longforgan and Abernyte",S12000048,Perth and Kinross,17,3831
20210707,S02002245,Coupar Angus and Meigle,S12000048,Perth and Kinross,11,5232
20210707,S02002246,Alyth,S12000048,Perth and Kinross,7,3039
20210707,S02002247,"Blair Atholl, Strathardle and Glenshee",S12000048,Perth and Kinross,7,4187
20210707,S02002248,Blairgowrie East (Rattray),S12000048,Perth and Kinross,3,2975
20210707,S02002249,Blairgowrie West,S12000048,Perth and Kinross,15,5650
20210707,S02002250,Stanley and Murthly,S12000048,Perth and Kinross,27,4654
20210707,S02002251,Luncarty and Dunkeld,S12000048,Perth and Kinross,18,6142
20210707,S02002252,Pitlochry,S12000048,Perth and Kinross,8,3863
20210707,S02002253,Rannoch and Aberfeldy,S12000048,Perth and Kinross,11,4703
20210707,S02002254,Lochwinnoch,S12000038,Renfrewshire,7,2676
20210707,S02002255,Renfrewshire Rural South and Howwood,S12000038,Renfrewshire,12,4023
20210707,S02002256,Renfrewshire Rural North and Langbank,S12000038,Renfrewshire,48,7084
20210707,S02002257,Kilbarchan,S12000038,Renfrewshire,6,3130
20210707,S02002258,Johnstone South West,S12000038,Renfrewshire,33,5650
20210707,S02002259,Johnstone North West,S12000038,Renfrewshire,25,3505
20210707,S02002260,Johnstone North East,S12000038,Renfrewshire,18,3524
20210707,S02002261,Johnstone South East,S12000038,Renfrewshire,12,3679
20210707,S02002262,Elderslie and Phoenix,S12000038,Renfrewshire,17,5171
20210707,S02002263,Paisley Ferguslie,S12000038,Renfrewshire,21,4101
20210707,S02002264,Paisley North West,S12000038,Renfrewshire,13,3615
20210707,S02002265,Paisley West,S12000038,Renfrewshire,14,5471
20210707,S02002266,Paisley Foxbar,S12000038,Renfrewshire,19,4720
20210707,S02002267,Paisley South West,S12000038,Renfrewshire,11,4559
20210707,S02002268,Paisley Glenburn West,S12000038,Renfrewshire,8,4053
20210707,S02002269,Paisley Glenburn East,S12000038,Renfrewshire,18,3309
20210707,S02002270,Paisley South,S12000038,Renfrewshire,16,3639
20210707,S02002271,Paisley South East,S12000038,Renfrewshire,18,5964
20210707,S02002272,Paisley Dykebar,S12000038,Renfrewshire,18,4022
20210707,S02002273,Paisley East,S12000038,Renfrewshire,24,4146
20210707,S02002274,Paisley Central,S12000038,Renfrewshire,30,7033
20210707,S02002275,Paisley North East,S12000038,Renfrewshire,34,5958
20210707,S02002276,Paisley Ralston,S12000038,Renfrewshire,26,4712
20210707,S02002277,Paisley Gallowhill and Hillington,S12000038,Renfrewshire,24,5457
20210707,S02002278,Paisley North,S12000038,Renfrewshire,23,5424
20210707,S02002279,Renfrew West,S12000038,Renfrewshire,20,6849
20210707,S02002280,Renfrew South,S12000038,Renfrewshire,8,4899
20210707,S02002281,Renfrew East,S12000038,Renfrewshire,22,5413
20210707,S02002282,Renfrew North,S12000038,Renfrewshire,21,7301
20210707,S02002283,Erskine East and Inchinnan,S12000038,Renfrewshire,39,5517
20210707,S02002284,Erskine Central,S12000038,Renfrewshire,43,4909
20210707,S02002285,Erskine West,S12000038,Renfrewshire,22,5477
20210707,S02002286,Bishopton,S12000038,Renfrewshire,30,4391
20210707,S02002287,Linwood South,S12000038,Renfrewshire,10,4060
20210707,S02002288,Linwood North,S12000038,Renfrewshire,9,4491
20210707,S02002289,Houston South,S12000038,Renfrewshire,9,3040
20210707,S02002290,Houston North,S12000038,Renfrewshire,12,3292
20210707,S02002291,Bridge of Weir,S12000038,Renfrewshire,16,4836
20210707,S02002292,Tweeddale West Area,S12000026,Scottish Borders,12,6177
20210707,S02002293,Peebles North,S12000026,Scottish Borders,13,4291
20210707,S02002294,Peebles South,S12000026,Scottish Borders,12,4286
20210707,S02002295,Tweeddale East Area,S12000026,Scottish Borders,16,5758
20210707,S02002296,Earlston Stow and Clovernfords Area,S12000026,Scottish Borders,12,5927
20210707,S02002297,Galashiels North,S12000026,Scottish Borders,7,3758
20210707,S02002298,Galashiels West,S12000026,Scottish Borders,7,2988
20210707,S02002299,Galashiels South,S12000026,Scottish Borders,6,3333
20210707,S02002300,Langlee,S12000026,Scottish Borders,8,2543
20210707,S02002301,Melrose and Tweedbank Area,S12000026,Scottish Borders,5,5412
20210707,S02002302,Lauder and Area,S12000026,Scottish Borders,4,3113
20210707,S02002303,Berwickshire Central,S12000026,Scottish Borders,5,4174
20210707,S02002304,Duns,S12000026,Scottish Borders,5,2787
20210707,S02002305,Berwickshire East,S12000026,Scottish Borders,35,3750
20210707,S02002306,Eyemouth,S12000026,Scottish Borders,42,3500
20210707,S02002307,Chirnside and Area,S12000026,Scottish Borders,23,3961
20210707,S02002308,Coldstream and Area,S12000026,Scottish Borders,16,2748
20210707,S02002309,Cheviot East,S12000026,Scottish Borders,4,4631
20210707,S02002310,Kelso North,S12000026,Scottish Borders,6,3224
20210707,S02002311,Kelso South,S12000026,Scottish Borders,4,2358
20210707,S02002312,Cheviot West,S12000026,Scottish Borders,,2973
20210707,S02002313,St Boswells and Newtown Area,S12000026,Scottish Borders,,3798
20210707,S02002314,Jedburgh,S12000026,Scottish Borders,5,3826
20210707,S02002315,Denholm and Hermitage,S12000026,Scottish Borders,11,4083
20210707,S02002316,Burnfoot,S12000026,Scottish Borders,11,2981
20210707,S02002317,Hawick Central,S12000026,Scottish Borders,15,4230
20210707,S02002318,Hawick West End,S12000026,Scottish Borders,13,3299
20210707,S02002319,Hawick North,S12000026,Scottish Borders,15,3347
20210707,S02002320,Ettrick Yarrow and Liliesleaf Area,S12000026,Scottish Borders,4,2751
20210707,S02002321,Selkirk,S12000026,Scottish Borders,8,5503
20210707,S02002322,Shetland South,S12000027,Shetland Islands,,3354
20210707,S02002323,Lerwick South,S12000027,Shetland Islands,,3403
20210707,S02002324,Lerwick North,S12000027,Shetland Islands,4,4549
20210707,S02002325,Central Shetland,S12000027,Shetland Islands,,3469
20210707,S02002326,East and West Mainland,S12000027,Shetland Islands,,2875
20210707,S02002327,North Mainland,S12000027,Shetland Islands,3,2569
20210707,S02002328,North and East Isles,S12000027,Shetland Islands,,2701
20210707,S02002329,Carrick South,S12000028,South Ayrshire,19,5314
20210707,S02002330,Girvan Glendoune,S12000028,South Ayrshire,16,3194
20210707,S02002331,Girvan Ailsa,S12000028,South Ayrshire,5,3191
20210707,S02002332,Maybole,S12000028,South Ayrshire,7,4655
20210707,S02002333,Carrick North,S12000028,South Ayrshire,9,4626
20210707,S02002334,Coylton,S12000028,South Ayrshire,8,3779
20210707,S02002335,Alloway and Doonfoot,S12000028,South Ayrshire,13,5957
20210707,S02002336,Castlehill and Kincaidston,S12000028,South Ayrshire,7,4176
20210707,S02002337,Belmont,S12000028,South Ayrshire,21,5326
20210707,S02002338,Holmston and Forehill,S12000028,South Ayrshire,9,4912
20210707,S02002339,Ayr South Harbour and Town Centre,S12000028,South Ayrshire,9,5448
20210707,S02002340,"Ayr North Harbour, Wallacetown and Newton South",S12000028,South Ayrshire,15,4616
20210707,S02002341,Craigie,S12000028,South Ayrshire,9,2594
20210707,S02002342,Dalmilling,S12000028,South Ayrshire,11,2950
20210707,S02002343,"Lochside, Braehead and Whitletts",S12000028,South Ayrshire,9,4216
20210707,S02002344,Newton North,S12000028,South Ayrshire,12,4175
20210707,S02002345,Heathfield,S12000028,South Ayrshire,9,4412
20210707,S02002346,Prestwick West,S12000028,South Ayrshire,7,4051
20210707,S02002347,Prestwick East,S12000028,South Ayrshire,12,5277
20210707,S02002348,Prestwick Airport and Monkton,S12000028,South Ayrshire,,3194
20210707,S02002349,"Annbank, Mossblown and Tarbolton - the Coalfields",S12000028,South Ayrshire,11,5829
20210707,S02002350,"Dundonald, Loans and Symington",S12000028,South Ayrshire,18,6240
20210707,S02002351,Muirhead,S12000028,South Ayrshire,6,5203
20210707,S02002352,Barassie,S12000028,South Ayrshire,7,3919
20210707,S02002353,Troon,S12000028,South Ayrshire,12,5356
20210707,S02002354,Clydesdale South,S12000029,South Lanarkshire,,2441
20210707,S02002355,"Biggar, Symington, Thankerton and Dolphinton",S12000029,South Lanarkshire,4,5847
20210707,S02002356,"Carstairs, Carstairs Junction and Carnwath",S12000029,South Lanarkshire,9,4777
20210707,S02002357,"Forth, Braehead and Auchengray",S12000029,South Lanarkshire,5,3576
20210707,S02002358,Law,S12000029,South Lanarkshire,3,3683
20210707,S02002359,Carluke West,S12000029,South Lanarkshire,8,2820
20210707,S02002360,Carluke North,S12000029,South Lanarkshire,,2437
20210707,S02002361,Carluke East,S12000029,South Lanarkshire,7,4088
20210707,S02002362,Carluke South,S12000029,South Lanarkshire,3,3391
20210707,S02002363,"Crossford, Braidwood and Yieldshields",S12000029,South Lanarkshire,4,2705
20210707,S02002364,Lanark North West,S12000029,South Lanarkshire,4,2609
20210707,S02002365,Lanark North East,S12000029,South Lanarkshire,5,2182
20210707,S02002366,Lanark South,S12000029,South Lanarkshire,4,3872
20210707,S02002367,Hazelbank and Kirkfieldbank,S12000029,South Lanarkshire,8,3965
20210707,S02002368,"Douglas, Coalburn and Rigside",S12000029,South Lanarkshire,13,4293
20210707,S02002369,Lesmahagow,S12000029,South Lanarkshire,12,3780
20210707,S02002370,Kirkmuirhill and Blackwood,S12000029,South Lanarkshire,10,4264
20210707,S02002371,Ashgill and Netherburn,S12000029,South Lanarkshire,5,3021
20210707,S02002372,Merryton and Meadowhill,S12000029,South Lanarkshire,7,3259
20210707,S02002373,"Larkhall Central, Raploch, Millheugh and Burnhead",S12000029,South Lanarkshire,9,3805
20210707,S02002374,Hareleeshill,S12000029,South Lanarkshire,7,4001
20210707,S02002375,Strutherhill,S12000029,South Lanarkshire,12,3526
20210707,S02002376,Stonehouse,S12000029,South Lanarkshire,13,5774
20210707,S02002377,Strathaven South,S12000029,South Lanarkshire,12,4591
20210707,S02002378,Strathaven North,S12000029,South Lanarkshire,11,2881
20210707,S02002379,"Chapelton, Glengavel and Sandford",S12000029,South Lanarkshire,8,3575
20210707,S02002380,"Glassford, Quarter and Allanton",S12000029,South Lanarkshire,11,4310
20210707,S02002381,Eddlewood,S12000029,South Lanarkshire,14,3516
20210707,S02002382,Low Waters,S12000029,South Lanarkshire,6,2746
20210707,S02002383,Silvertonhill,S12000029,South Lanarkshire,6,2815
20210707,S02002384,Hamilton Centre and Low Parks,S12000029,South Lanarkshire,7,4179
20210707,S02002385,Laighstonehall,S12000029,South Lanarkshire,7,3617
20210707,S02002386,Fairhill,S12000029,South Lanarkshire,4,2035
20210707,S02002387,Woodhead and Meikle Earnock,S12000029,South Lanarkshire,13,2730
20210707,S02002388,Little Earnock,S12000029,South Lanarkshire,37,6779
20210707,S02002389,Earnock,S12000029,South Lanarkshire,17,4040
20210707,S02002390,Hillhouse,S12000029,South Lanarkshire,,4098
20210707,S02002391,High Blantyre,S12000029,South Lanarkshire,19,3751
20210707,S02002392,Blantyre South and Wheatlands,S12000029,South Lanarkshire,11,4294
20210707,S02002393,Low Blantyre and Bardykes,S12000029,South Lanarkshire,10,3279
20210707,S02002394,Blantytre North and Coatshill,S12000029,South Lanarkshire,3,2936
20210707,S02002395,Burnbank North,S12000029,South Lanarkshire,15,4886
20210707,S02002396,Burnbank Central and Udston,S12000029,South Lanarkshire,9,4592
20210707,S02002397,Burnbank South and Chantinghall,S12000029,South Lanarkshire,16,3773
20210707,S02002398,Whitehill,S12000029,South Lanarkshire,12,3937
20210707,S02002399,Bothwell South,S12000029,South Lanarkshire,10,3374
20210707,S02002400,Bothwell North,S12000029,South Lanarkshire,13,3113
20210707,S02002401,Uddingston and Gardenside,S12000029,South Lanarkshire,23,6700
20210707,S02002402,"Halfway, Hallside and Drumsagard",S12000029,South Lanarkshire,48,7784
20210707,S02002403,Westburn and Newton,S12000029,South Lanarkshire,30,6321
20210707,S02002404,Vicarland and Cairns,S12000029,South Lanarkshire,16,4127
20210707,S02002405,Whitlawburn and Greenlees,S12000029,South Lanarkshire,13,4605
20210707,S02002406,Cambuslang Central,S12000029,South Lanarkshire,15,3793
20210707,S02002407,"Burgh, Eastfield and Silverbank",S12000029,South Lanarkshire,17,5590
20210707,S02002408,Farme Cross and Gallowflat North,S12000029,South Lanarkshire,20,3448
20210707,S02002409,Shawfield and Clincarthill,S12000029,South Lanarkshire,15,3501
20210707,S02002410,Burnhill and Bankhead North,S12000029,South Lanarkshire,10,3308
20210707,S02002411,Bankhead South,S12000029,South Lanarkshire,10,3031
20210707,S02002412,Spittal,S12000029,South Lanarkshire,17,2795
20210707,S02002413,High Crosshill,S12000029,South Lanarkshire,16,3753
20210707,S02002414,Burnside and Springhall,S12000029,South Lanarkshire,10,4358
20210707,S02002415,Fernhill and Cathkin,S12000029,South Lanarkshire,9,4542
20210707,S02002416,Nerston and EK Landward Area,S12000029,South Lanarkshire,33,7404
20210707,S02002417,Calderwood East,S12000029,South Lanarkshire,13,3543
20210707,S02002418,Calderwood Central,S12000029,South Lanarkshire,10,3717
20210707,S02002419,Calderwood West and Nerston,S12000029,South Lanarkshire,19,4101
20210707,S02002420,St Leonards North,S12000029,South Lanarkshire,13,4820
20210707,S02002421,St Leonards South,S12000029,South Lanarkshire,19,4424
20210707,S02002422,East Mains,S12000029,South Lanarkshire,9,3092
20210707,S02002423,West Mains,S12000029,South Lanarkshire,5,2952
20210707,S02002424,Stewartfield East,S12000029,South Lanarkshire,6,2628
20210707,S02002425,Stewartfield West,S12000029,South Lanarkshire,12,4009
20210707,S02002426,"Thorntonhall, Jackton and Gardenhall",S12000029,South Lanarkshire,15,4246
20210707,S02002427,Hairmyres and Westwood West,S12000029,South Lanarkshire,4,3797
20210707,S02002428,Mossneuk and Newlandsmuir,S12000029,South Lanarkshire,,2616
20210707,S02002429,Crosshouse and Lindsayfield,S12000029,South Lanarkshire,19,5375
20210707,S02002430,Whitehills West,S12000029,South Lanarkshire,9,4034
20210707,S02002431,Greenhills,S12000029,South Lanarkshire,13,3048
20210707,S02002432,Westwood South,S12000029,South Lanarkshire,6,4156
20210707,S02002433,Westwood East,S12000029,South Lanarkshire,4,3453
20210707,S02002434,The Murray,S12000029,South Lanarkshire,6,3582
20210707,S02002435,"Birniehill, Kelvin and Whitehills East",S12000029,South Lanarkshire,5,3914
20210707,S02002436,Blane Valley,S12000030,Stirling,15,5473
20210707,S02002437,Balfron and Drymen,S12000030,Stirling,11,4493
20210707,S02002438,Kippen and Fintry,S12000030,Stirling,12,3197
20210707,S02002439,Cambusbarron,S12000030,Stirling,6,3804
20210707,S02002440,Plean and Rural SE,S12000030,Stirling,10,3113
20210707,S02002441,Cowie,S12000030,Stirling,8,2724
20210707,S02002442,Fallin,S12000030,Stirling,17,2852
20210707,S02002443,Bannockburn,S12000030,Stirling,8,3369
20210707,S02002444,Hillpark,S12000030,Stirling,10,3406
20210707,S02002445,Broomridge,S12000030,Stirling,8,5364
20210707,S02002446,Borestone,S12000030,Stirling,10,4027
20210707,S02002447,King's Park and Torbrex,S12000030,Stirling,10,4230
20210707,S02002448,Braehead,S12000030,Stirling,5,2483
20210707,S02002449,City Centre,S12000030,Stirling,12,3805
20210707,S02002450,Raploch,S12000030,Stirling,11,3609
20210707,S02002451,Cornton,S12000030,Stirling,6,3265
20210707,S02002452,Causewayhead,S12000030,Stirling,4,2852
20210707,S02002453,Bridge of Allan and University,S12000030,Stirling,14,7129
20210707,S02002454,Forth,S12000030,Stirling,7,2945
20210707,S02002455,Dunblane East,S12000030,Stirling,16,5581
20210707,S02002456,Dunblane West,S12000030,Stirling,11,4465
20210707,S02002457,Carse of Stirling,S12000030,Stirling,13,5110
20210707,S02002458,Callander and Trossachs,S12000030,Stirling,5,3705
20210707,S02002459,Highland,S12000030,Stirling,6,3209
20210707,S02002460,Whitecrook (IZ01),S12000039,West Dunbartonshire,17,3876
20210707,S02002461,Singer & Clydebank South (IZ02),S12000039,West Dunbartonshire,21,4656
20210707,S02002462,Drumry (IZ03),S12000039,West Dunbartonshire,35,5520
20210707,S02002463,Clydebank (IZ04),S12000039,West Dunbartonshire,21,4504
20210707,S02002464,Clydebank North (IZ05),S12000039,West Dunbartonshire,11,3531
20210707,S02002465,Clydebank east (IZ06),S12000039,West Dunbartonshire,32,5140
20210707,S02002466,Duntocher (IZ07),S12000039,West Dunbartonshire,13,4367
20210707,S02002467,Dalmuir (IZ08),S12000039,West Dunbartonshire,23,5438
20210707,S02002468,Kilpatrick (IZ09),S12000039,West Dunbartonshire,24,4852
20210707,S02002469,Bowling (IZ10),S12000039,West Dunbartonshire,10,4247
20210707,S02002470,Dumbarton east (IZ11),S12000039,West Dunbartonshire,24,4877
20210707,S02002471,Dumbarton (IZ12),S12000039,West Dunbartonshire,44,7055
20210707,S02002472,Dalreoch (IZ13),S12000039,West Dunbartonshire,29,5567
20210707,S02002473,Leven (IZ14),S12000039,West Dunbartonshire,26,4999
20210707,S02002474,Bonhill (IZ15),S12000039,West Dunbartonshire,32,5922
20210707,S02002475,Alexandria (IZ16),S12000039,West Dunbartonshire,10,4070
20210707,S02002476,Balloch (IZ17),S12000039,West Dunbartonshire,36,5888
20210707,S02002477,Lomond (IZ18),S12000039,West Dunbartonshire,10,4421
20210707,S02002478,Fauldhouse,S12000040,West Lothian,25,4876
20210707,S02002479,Breich Valley,S12000040,West Lothian,19,4911
20210707,S02002480,West Calder and Polbeth,S12000040,West Lothian,22,5393
20210707,S02002481,"Bellsquarry, Adambrae and Kirkton",S12000040,West Lothian,21,4787
20210707,S02002482,Bankton and Murieston,S12000040,West Lothian,15,5270
20210707,S02002483,Dedridge East,S12000040,West Lothian,19,5549
20210707,S02002484,Mid Calder and Kirknewton,S12000040,West Lothian,12,5844
20210707,S02002485,East Calder,S12000040,West Lothian,27,6316
20210707,S02002486,Pumpherston and Uphall Station,S12000040,West Lothian,14,2840
20210707,S02002487,Craigshill,S12000040,West Lothian,17,5905
20210707,S02002488,Howden,S12000040,West Lothian,22,4711
20210707,S02002489,Livingston Village and Eliburn South,S12000040,West Lothian,16,5332
20210707,S02002490,Ladywell,S12000040,West Lothian,31,4926
20210707,S02002491,Knightsridge,S12000040,West Lothian,29,5582
20210707,S02002492,Knightsridge and Deans North,S12000040,West Lothian,9,3736
20210707,S02002493,Deans,S12000040,West Lothian,5,2860
20210707,S02002494,Carmondean and Eliburn North,S12000040,West Lothian,18,5852
20210707,S02002495,Seafield,S12000040,West Lothian,5,2215
20210707,S02002496,Blackburn,S12000040,West Lothian,24,5099
20210707,S02002497,Blaeberry Hill and East Whitburn,S12000040,West Lothian,30,5971
20210707,S02002498,Whitburn Central,S12000040,West Lothian,14,4788
20210707,S02002499,"Whitburn, Croftmalloch and Greenrigg",S12000040,West Lothian,23,4673
20210707,S02002500,Armadale,S12000040,West Lothian,12,5662
20210707,S02002501,Armadale South,S12000040,West Lothian,28,6370
20210707,S02002502,"Bathgate, Wester Inch and Inchcross",S12000040,West Lothian,29,7114
20210707,S02002503,Bathgate and Boghall,S12000040,West Lothian,23,4283
20210707,S02002504,Bathgate East,S12000040,West Lothian,30,6331
20210707,S02002505,Bathgate West,S12000040,West Lothian,32,5999
20210707,S02002506,"Blackridge, Westfield and Torphichen",S12000040,West Lothian,18,3743
20210707,S02002507,Linlithgow South,S12000040,West Lothian,12,5825
20210707,S02002508,Linlithgow Bridge,S12000040,West Lothian,14,4311
20210707,S02002509,Linlithgow North,S12000040,West Lothian,8,3426
20210707,S02002510,"Winchburgh, Bridgend and Philpstoun",S12000040,West Lothian,16,5705
20210707,S02002511,Broxburn Kirkhill,S12000040,West Lothian,15,4504
20210707,S02002512,"Uphall, Dechmont and Ecclesmachan",S12000040,West Lothian,14,5556
20210707,S02002513,Broxburn South,S12000040,West Lothian,25,3883
20210707,S02002514,Broxburn East,S12000040,West Lothian,10,2952